ISO-10303-21;
HEADER;
/* Generated by software containing ST-Developer
 * from STEP Tools, Inc. (www.steptools.com) 
 */
/* OPTION: using custom renumber hook */

FILE_DESCRIPTION(
/* description */ ('STEP AP242 Edition 2',
'CAx-IF Rec.Pracs.---Representation and Presentation of Product Manufa
cturing Information (PMI)---4.0---2014-10-13',
'CAx-IF Rec.Pracs.---3D Tessellated Geometry---0.4---2014-09-14','2;1',
'CAx-IF Rec.Pracs.---User Defined Attributes---1.5---2016-08-15'),
/* implementation_level */ '2;1');

FILE_NAME(
/* name */ 'Case',
/* time_stamp */ '2026-09-29T00:22:52Z',
/* author */ (''),
/* organization */ (''),
/* preprocessor_version */ 'ST-DEVELOPER v20',
/* originating_system */ 'ONSHAPE BY PTC INC, 1.221',
/* authorisation */ '  ');

FILE_SCHEMA (('AP242_MANAGED_MODEL_BASED_3D_ENGINEERING_MIM_LF { 1 0 10303 442 3 1 4 }'));
ENDSEC;

DATA;
#10=SHAPE_REPRESENTATION_RELATIONSHIP('','',#1572,#11);
#11=ADVANCED_BREP_SHAPE_REPRESENTATION('',(#1570),#2494);
#12=CYLINDRICAL_SURFACE('',#1616,0.000300000000000005);
#13=CYLINDRICAL_SURFACE('',#1618,0.00030000000000001);
#14=CYLINDRICAL_SURFACE('',#1621,0.0003);
#15=CYLINDRICAL_SURFACE('',#1625,0.0003);
#16=CYLINDRICAL_SURFACE('',#1627,0.0002);
#17=CYLINDRICAL_SURFACE('',#1629,0.000200000000000004);
#18=CYLINDRICAL_SURFACE('',#1646,0.0003);
#19=CYLINDRICAL_SURFACE('',#1650,0.0003);
#20=CIRCLE('',#1584,0.000300000000000005);
#21=CIRCLE('',#1585,0.00030000000000001);
#22=CIRCLE('',#1586,0.0003);
#23=CIRCLE('',#1587,0.0003);
#24=CIRCLE('',#1588,0.0002);
#25=CIRCLE('',#1589,0.000200000000000004);
#26=CIRCLE('',#1590,0.0003);
#27=CIRCLE('',#1591,0.0003);
#28=CIRCLE('',#1593,0.0003);
#29=CIRCLE('',#1594,0.0003);
#30=CIRCLE('',#1595,0.0003);
#31=CIRCLE('',#1596,0.00030000000000001);
#32=CIRCLE('',#1597,0.000300000000000005);
#33=CIRCLE('',#1598,0.0003);
#34=CIRCLE('',#1599,0.0002);
#35=CIRCLE('',#1600,0.000200000000000004);
#36=ORIENTED_EDGE('',*,*,#474,.T.);
#37=ORIENTED_EDGE('',*,*,#475,.T.);
#38=ORIENTED_EDGE('',*,*,#476,.F.);
#39=ORIENTED_EDGE('',*,*,#477,.T.);
#40=ORIENTED_EDGE('',*,*,#478,.T.);
#41=ORIENTED_EDGE('',*,*,#479,.F.);
#42=ORIENTED_EDGE('',*,*,#480,.F.);
#43=ORIENTED_EDGE('',*,*,#481,.F.);
#44=ORIENTED_EDGE('',*,*,#482,.T.);
#45=ORIENTED_EDGE('',*,*,#483,.T.);
#46=ORIENTED_EDGE('',*,*,#484,.T.);
#47=ORIENTED_EDGE('',*,*,#485,.F.);
#48=ORIENTED_EDGE('',*,*,#486,.F.);
#49=ORIENTED_EDGE('',*,*,#487,.T.);
#50=ORIENTED_EDGE('',*,*,#488,.T.);
#51=ORIENTED_EDGE('',*,*,#489,.T.);
#52=ORIENTED_EDGE('',*,*,#490,.F.);
#53=ORIENTED_EDGE('',*,*,#491,.F.);
#54=ORIENTED_EDGE('',*,*,#485,.T.);
#55=ORIENTED_EDGE('',*,*,#492,.T.);
#56=ORIENTED_EDGE('',*,*,#474,.F.);
#57=ORIENTED_EDGE('',*,*,#493,.T.);
#58=ORIENTED_EDGE('',*,*,#494,.T.);
#59=ORIENTED_EDGE('',*,*,#495,.F.);
#60=ORIENTED_EDGE('',*,*,#496,.F.);
#61=ORIENTED_EDGE('',*,*,#497,.T.);
#62=ORIENTED_EDGE('',*,*,#477,.F.);
#63=ORIENTED_EDGE('',*,*,#498,.T.);
#64=ORIENTED_EDGE('',*,*,#491,.T.);
#65=ORIENTED_EDGE('',*,*,#499,.F.);
#66=ORIENTED_EDGE('',*,*,#500,.F.);
#67=ORIENTED_EDGE('',*,*,#501,.T.);
#68=ORIENTED_EDGE('',*,*,#502,.T.);
#69=ORIENTED_EDGE('',*,*,#503,.T.);
#70=ORIENTED_EDGE('',*,*,#504,.F.);
#71=ORIENTED_EDGE('',*,*,#505,.T.);
#72=ORIENTED_EDGE('',*,*,#506,.T.);
#73=ORIENTED_EDGE('',*,*,#507,.T.);
#74=ORIENTED_EDGE('',*,*,#508,.F.);
#75=ORIENTED_EDGE('',*,*,#509,.F.);
#76=ORIENTED_EDGE('',*,*,#510,.F.);
#77=ORIENTED_EDGE('',*,*,#511,.T.);
#78=ORIENTED_EDGE('',*,*,#512,.T.);
#79=ORIENTED_EDGE('',*,*,#513,.T.);
#80=ORIENTED_EDGE('',*,*,#514,.F.);
#81=ORIENTED_EDGE('',*,*,#515,.F.);
#82=ORIENTED_EDGE('',*,*,#516,.F.);
#83=ORIENTED_EDGE('',*,*,#517,.T.);
#84=ORIENTED_EDGE('',*,*,#518,.F.);
#85=ORIENTED_EDGE('',*,*,#519,.F.);
#86=ORIENTED_EDGE('',*,*,#520,.F.);
#87=ORIENTED_EDGE('',*,*,#480,.T.);
#88=ORIENTED_EDGE('',*,*,#521,.T.);
#89=ORIENTED_EDGE('',*,*,#488,.F.);
#90=ORIENTED_EDGE('',*,*,#522,.F.);
#91=ORIENTED_EDGE('',*,*,#509,.T.);
#92=ORIENTED_EDGE('',*,*,#523,.F.);
#93=ORIENTED_EDGE('',*,*,#512,.F.);
#94=ORIENTED_EDGE('',*,*,#524,.F.);
#95=ORIENTED_EDGE('',*,*,#525,.T.);
#96=ORIENTED_EDGE('',*,*,#526,.T.);
#97=ORIENTED_EDGE('',*,*,#527,.F.);
#98=ORIENTED_EDGE('',*,*,#528,.F.);
#99=ORIENTED_EDGE('',*,*,#529,.T.);
#100=ORIENTED_EDGE('',*,*,#530,.T.);
#101=ORIENTED_EDGE('',*,*,#531,.F.);
#102=ORIENTED_EDGE('',*,*,#532,.F.);
#103=ORIENTED_EDGE('',*,*,#533,.T.);
#104=ORIENTED_EDGE('',*,*,#534,.T.);
#105=ORIENTED_EDGE('',*,*,#535,.F.);
#106=ORIENTED_EDGE('',*,*,#536,.F.);
#107=ORIENTED_EDGE('',*,*,#537,.T.);
#108=ORIENTED_EDGE('',*,*,#538,.F.);
#109=ORIENTED_EDGE('',*,*,#539,.T.);
#110=ORIENTED_EDGE('',*,*,#540,.F.);
#111=ORIENTED_EDGE('',*,*,#541,.F.);
#112=ORIENTED_EDGE('',*,*,#542,.T.);
#113=ORIENTED_EDGE('',*,*,#543,.F.);
#114=ORIENTED_EDGE('',*,*,#544,.F.);
#115=ORIENTED_EDGE('',*,*,#545,.F.);
#116=ORIENTED_EDGE('',*,*,#546,.T.);
#117=ORIENTED_EDGE('',*,*,#547,.F.);
#118=ORIENTED_EDGE('',*,*,#548,.T.);
#119=ORIENTED_EDGE('',*,*,#489,.F.);
#120=ORIENTED_EDGE('',*,*,#521,.F.);
#121=ORIENTED_EDGE('',*,*,#479,.T.);
#122=ORIENTED_EDGE('',*,*,#549,.T.);
#123=ORIENTED_EDGE('',*,*,#550,.T.);
#124=ORIENTED_EDGE('',*,*,#551,.T.);
#125=ORIENTED_EDGE('',*,*,#552,.T.);
#126=ORIENTED_EDGE('',*,*,#553,.T.);
#127=ORIENTED_EDGE('',*,*,#554,.F.);
#128=ORIENTED_EDGE('',*,*,#555,.T.);
#129=ORIENTED_EDGE('',*,*,#556,.T.);
#130=ORIENTED_EDGE('',*,*,#557,.T.);
#131=ORIENTED_EDGE('',*,*,#558,.F.);
#132=ORIENTED_EDGE('',*,*,#559,.F.);
#133=ORIENTED_EDGE('',*,*,#560,.T.);
#134=ORIENTED_EDGE('',*,*,#561,.T.);
#135=ORIENTED_EDGE('',*,*,#562,.F.);
#136=ORIENTED_EDGE('',*,*,#563,.F.);
#137=ORIENTED_EDGE('',*,*,#564,.T.);
#138=ORIENTED_EDGE('',*,*,#565,.F.);
#139=ORIENTED_EDGE('',*,*,#566,.F.);
#140=ORIENTED_EDGE('',*,*,#567,.F.);
#141=ORIENTED_EDGE('',*,*,#568,.T.);
#142=ORIENTED_EDGE('',*,*,#569,.T.);
#143=ORIENTED_EDGE('',*,*,#570,.T.);
#144=ORIENTED_EDGE('',*,*,#530,.F.);
#145=ORIENTED_EDGE('',*,*,#571,.F.);
#146=ORIENTED_EDGE('',*,*,#572,.F.);
#147=ORIENTED_EDGE('',*,*,#573,.T.);
#148=ORIENTED_EDGE('',*,*,#574,.F.);
#149=ORIENTED_EDGE('',*,*,#575,.T.);
#150=ORIENTED_EDGE('',*,*,#576,.T.);
#151=ORIENTED_EDGE('',*,*,#577,.T.);
#152=ORIENTED_EDGE('',*,*,#578,.F.);
#153=ORIENTED_EDGE('',*,*,#579,.T.);
#154=ORIENTED_EDGE('',*,*,#580,.T.);
#155=ORIENTED_EDGE('',*,*,#581,.F.);
#156=ORIENTED_EDGE('',*,*,#582,.T.);
#157=ORIENTED_EDGE('',*,*,#583,.F.);
#158=ORIENTED_EDGE('',*,*,#584,.T.);
#159=ORIENTED_EDGE('',*,*,#585,.T.);
#160=ORIENTED_EDGE('',*,*,#586,.F.);
#161=ORIENTED_EDGE('',*,*,#587,.T.);
#162=ORIENTED_EDGE('',*,*,#588,.T.);
#163=ORIENTED_EDGE('',*,*,#589,.T.);
#164=ORIENTED_EDGE('',*,*,#590,.F.);
#165=ORIENTED_EDGE('',*,*,#591,.F.);
#166=ORIENTED_EDGE('',*,*,#592,.T.);
#167=ORIENTED_EDGE('',*,*,#593,.F.);
#168=ORIENTED_EDGE('',*,*,#594,.F.);
#169=ORIENTED_EDGE('',*,*,#595,.F.);
#170=ORIENTED_EDGE('',*,*,#596,.T.);
#171=ORIENTED_EDGE('',*,*,#597,.F.);
#172=ORIENTED_EDGE('',*,*,#598,.F.);
#173=ORIENTED_EDGE('',*,*,#599,.F.);
#174=ORIENTED_EDGE('',*,*,#600,.F.);
#175=ORIENTED_EDGE('',*,*,#513,.F.);
#176=ORIENTED_EDGE('',*,*,#523,.T.);
#177=ORIENTED_EDGE('',*,*,#508,.T.);
#178=ORIENTED_EDGE('',*,*,#601,.F.);
#179=ORIENTED_EDGE('',*,*,#602,.T.);
#180=ORIENTED_EDGE('',*,*,#603,.T.);
#181=ORIENTED_EDGE('',*,*,#604,.F.);
#182=ORIENTED_EDGE('',*,*,#605,.F.);
#183=ORIENTED_EDGE('',*,*,#606,.T.);
#184=ORIENTED_EDGE('',*,*,#607,.T.);
#185=ORIENTED_EDGE('',*,*,#608,.F.);
#186=ORIENTED_EDGE('',*,*,#609,.T.);
#187=ORIENTED_EDGE('',*,*,#518,.T.);
#188=ORIENTED_EDGE('',*,*,#610,.T.);
#189=ORIENTED_EDGE('',*,*,#611,.T.);
#190=ORIENTED_EDGE('',*,*,#612,.F.);
#191=ORIENTED_EDGE('',*,*,#514,.T.);
#192=ORIENTED_EDGE('',*,*,#600,.T.);
#193=ORIENTED_EDGE('',*,*,#507,.F.);
#194=ORIENTED_EDGE('',*,*,#613,.F.);
#195=ORIENTED_EDGE('',*,*,#614,.F.);
#196=ORIENTED_EDGE('',*,*,#615,.T.);
#197=ORIENTED_EDGE('',*,*,#503,.F.);
#198=ORIENTED_EDGE('',*,*,#616,.F.);
#199=ORIENTED_EDGE('',*,*,#617,.F.);
#200=ORIENTED_EDGE('',*,*,#526,.F.);
#201=ORIENTED_EDGE('',*,*,#618,.T.);
#202=ORIENTED_EDGE('',*,*,#499,.T.);
#203=ORIENTED_EDGE('',*,*,#490,.T.);
#204=ORIENTED_EDGE('',*,*,#548,.F.);
#205=ORIENTED_EDGE('',*,*,#478,.F.);
#206=ORIENTED_EDGE('',*,*,#615,.F.);
#207=ORIENTED_EDGE('',*,*,#619,.F.);
#208=ORIENTED_EDGE('',*,*,#620,.T.);
#209=ORIENTED_EDGE('',*,*,#504,.T.);
#210=ORIENTED_EDGE('',*,*,#614,.T.);
#211=ORIENTED_EDGE('',*,*,#621,.F.);
#212=ORIENTED_EDGE('',*,*,#622,.F.);
#213=ORIENTED_EDGE('',*,*,#619,.T.);
#214=ORIENTED_EDGE('',*,*,#613,.T.);
#215=ORIENTED_EDGE('',*,*,#506,.F.);
#216=ORIENTED_EDGE('',*,*,#623,.F.);
#217=ORIENTED_EDGE('',*,*,#621,.T.);
#218=ORIENTED_EDGE('',*,*,#620,.F.);
#219=ORIENTED_EDGE('',*,*,#622,.T.);
#220=ORIENTED_EDGE('',*,*,#623,.T.);
#221=ORIENTED_EDGE('',*,*,#505,.F.);
#222=ORIENTED_EDGE('',*,*,#610,.F.);
#223=ORIENTED_EDGE('',*,*,#517,.F.);
#224=ORIENTED_EDGE('',*,*,#624,.T.);
#225=ORIENTED_EDGE('',*,*,#625,.T.);
#226=ORIENTED_EDGE('',*,*,#612,.T.);
#227=ORIENTED_EDGE('',*,*,#626,.F.);
#228=ORIENTED_EDGE('',*,*,#627,.F.);
#229=ORIENTED_EDGE('',*,*,#515,.T.);
#230=ORIENTED_EDGE('',*,*,#611,.F.);
#231=ORIENTED_EDGE('',*,*,#625,.F.);
#232=ORIENTED_EDGE('',*,*,#628,.T.);
#233=ORIENTED_EDGE('',*,*,#626,.T.);
#234=ORIENTED_EDGE('',*,*,#624,.F.);
#235=ORIENTED_EDGE('',*,*,#516,.T.);
#236=ORIENTED_EDGE('',*,*,#627,.T.);
#237=ORIENTED_EDGE('',*,*,#628,.F.);
#238=ORIENTED_EDGE('',*,*,#617,.T.);
#239=ORIENTED_EDGE('',*,*,#629,.F.);
#240=ORIENTED_EDGE('',*,*,#630,.F.);
#241=ORIENTED_EDGE('',*,*,#527,.T.);
#242=ORIENTED_EDGE('',*,*,#616,.T.);
#243=ORIENTED_EDGE('',*,*,#502,.F.);
#244=ORIENTED_EDGE('',*,*,#631,.F.);
#245=ORIENTED_EDGE('',*,*,#629,.T.);
#246=ORIENTED_EDGE('',*,*,#497,.F.);
#247=ORIENTED_EDGE('',*,*,#632,.F.);
#248=ORIENTED_EDGE('',*,*,#633,.F.);
#249=ORIENTED_EDGE('',*,*,#634,.T.);
#250=ORIENTED_EDGE('',*,*,#493,.F.);
#251=ORIENTED_EDGE('',*,*,#482,.F.);
#252=ORIENTED_EDGE('',*,*,#635,.F.);
#253=ORIENTED_EDGE('',*,*,#510,.T.);
#254=ORIENTED_EDGE('',*,*,#636,.F.);
#255=ORIENTED_EDGE('',*,*,#637,.F.);
#256=ORIENTED_EDGE('',*,*,#524,.T.);
#257=ORIENTED_EDGE('',*,*,#630,.T.);
#258=ORIENTED_EDGE('',*,*,#631,.T.);
#259=ORIENTED_EDGE('',*,*,#501,.F.);
#260=ORIENTED_EDGE('',*,*,#638,.F.);
#261=ORIENTED_EDGE('',*,*,#486,.T.);
#262=ORIENTED_EDGE('',*,*,#609,.F.);
#263=ORIENTED_EDGE('',*,*,#639,.F.);
#264=ORIENTED_EDGE('',*,*,#636,.T.);
#265=ORIENTED_EDGE('',*,*,#519,.T.);
#266=ORIENTED_EDGE('',*,*,#618,.F.);
#267=ORIENTED_EDGE('',*,*,#525,.F.);
#268=ORIENTED_EDGE('',*,*,#637,.T.);
#269=ORIENTED_EDGE('',*,*,#639,.T.);
#270=ORIENTED_EDGE('',*,*,#536,.T.);
#271=ORIENTED_EDGE('',*,*,#640,.T.);
#272=ORIENTED_EDGE('',*,*,#584,.F.);
#273=ORIENTED_EDGE('',*,*,#641,.F.);
#274=ORIENTED_EDGE('',*,*,#641,.T.);
#275=ORIENTED_EDGE('',*,*,#583,.T.);
#276=ORIENTED_EDGE('',*,*,#642,.F.);
#277=ORIENTED_EDGE('',*,*,#537,.F.);
#278=ORIENTED_EDGE('',*,*,#538,.T.);
#279=ORIENTED_EDGE('',*,*,#642,.T.);
#280=ORIENTED_EDGE('',*,*,#582,.F.);
#281=ORIENTED_EDGE('',*,*,#643,.F.);
#282=ORIENTED_EDGE('',*,*,#643,.T.);
#283=ORIENTED_EDGE('',*,*,#581,.T.);
#284=ORIENTED_EDGE('',*,*,#644,.F.);
#285=ORIENTED_EDGE('',*,*,#539,.F.);
#286=ORIENTED_EDGE('',*,*,#540,.T.);
#287=ORIENTED_EDGE('',*,*,#644,.T.);
#288=ORIENTED_EDGE('',*,*,#580,.F.);
#289=ORIENTED_EDGE('',*,*,#645,.F.);
#290=ORIENTED_EDGE('',*,*,#541,.T.);
#291=ORIENTED_EDGE('',*,*,#645,.T.);
#292=ORIENTED_EDGE('',*,*,#579,.F.);
#293=ORIENTED_EDGE('',*,*,#646,.F.);
#294=ORIENTED_EDGE('',*,*,#646,.T.);
#295=ORIENTED_EDGE('',*,*,#578,.T.);
#296=ORIENTED_EDGE('',*,*,#647,.F.);
#297=ORIENTED_EDGE('',*,*,#542,.F.);
#298=ORIENTED_EDGE('',*,*,#543,.T.);
#299=ORIENTED_EDGE('',*,*,#647,.T.);
#300=ORIENTED_EDGE('',*,*,#589,.F.);
#301=ORIENTED_EDGE('',*,*,#648,.F.);
#302=ORIENTED_EDGE('',*,*,#544,.T.);
#303=ORIENTED_EDGE('',*,*,#648,.T.);
#304=ORIENTED_EDGE('',*,*,#588,.F.);
#305=ORIENTED_EDGE('',*,*,#649,.F.);
#306=ORIENTED_EDGE('',*,*,#545,.T.);
#307=ORIENTED_EDGE('',*,*,#649,.T.);
#308=ORIENTED_EDGE('',*,*,#587,.F.);
#309=ORIENTED_EDGE('',*,*,#650,.F.);
#310=ORIENTED_EDGE('',*,*,#650,.T.);
#311=ORIENTED_EDGE('',*,*,#586,.T.);
#312=ORIENTED_EDGE('',*,*,#651,.F.);
#313=ORIENTED_EDGE('',*,*,#546,.F.);
#314=ORIENTED_EDGE('',*,*,#547,.T.);
#315=ORIENTED_EDGE('',*,*,#651,.T.);
#316=ORIENTED_EDGE('',*,*,#585,.F.);
#317=ORIENTED_EDGE('',*,*,#640,.F.);
#318=ORIENTED_EDGE('',*,*,#652,.T.);
#319=ORIENTED_EDGE('',*,*,#590,.T.);
#320=ORIENTED_EDGE('',*,*,#653,.F.);
#321=ORIENTED_EDGE('',*,*,#550,.F.);
#322=ORIENTED_EDGE('',*,*,#653,.T.);
#323=ORIENTED_EDGE('',*,*,#599,.T.);
#324=ORIENTED_EDGE('',*,*,#654,.F.);
#325=ORIENTED_EDGE('',*,*,#551,.F.);
#326=ORIENTED_EDGE('',*,*,#654,.T.);
#327=ORIENTED_EDGE('',*,*,#598,.T.);
#328=ORIENTED_EDGE('',*,*,#655,.F.);
#329=ORIENTED_EDGE('',*,*,#552,.F.);
#330=ORIENTED_EDGE('',*,*,#655,.T.);
#331=ORIENTED_EDGE('',*,*,#597,.T.);
#332=ORIENTED_EDGE('',*,*,#656,.F.);
#333=ORIENTED_EDGE('',*,*,#553,.F.);
#334=ORIENTED_EDGE('',*,*,#554,.T.);
#335=ORIENTED_EDGE('',*,*,#656,.T.);
#336=ORIENTED_EDGE('',*,*,#596,.F.);
#337=ORIENTED_EDGE('',*,*,#657,.F.);
#338=ORIENTED_EDGE('',*,*,#657,.T.);
#339=ORIENTED_EDGE('',*,*,#595,.T.);
#340=ORIENTED_EDGE('',*,*,#658,.F.);
#341=ORIENTED_EDGE('',*,*,#555,.F.);
#342=ORIENTED_EDGE('',*,*,#658,.T.);
#343=ORIENTED_EDGE('',*,*,#594,.T.);
#344=ORIENTED_EDGE('',*,*,#659,.F.);
#345=ORIENTED_EDGE('',*,*,#556,.F.);
#346=ORIENTED_EDGE('',*,*,#659,.T.);
#347=ORIENTED_EDGE('',*,*,#593,.T.);
#348=ORIENTED_EDGE('',*,*,#660,.F.);
#349=ORIENTED_EDGE('',*,*,#557,.F.);
#350=ORIENTED_EDGE('',*,*,#558,.T.);
#351=ORIENTED_EDGE('',*,*,#660,.T.);
#352=ORIENTED_EDGE('',*,*,#592,.F.);
#353=ORIENTED_EDGE('',*,*,#661,.F.);
#354=ORIENTED_EDGE('',*,*,#661,.T.);
#355=ORIENTED_EDGE('',*,*,#591,.T.);
#356=ORIENTED_EDGE('',*,*,#652,.F.);
#357=ORIENTED_EDGE('',*,*,#549,.F.);
#358=ORIENTED_EDGE('',*,*,#559,.T.);
#359=ORIENTED_EDGE('',*,*,#662,.T.);
#360=ORIENTED_EDGE('',*,*,#602,.F.);
#361=ORIENTED_EDGE('',*,*,#663,.F.);
#362=ORIENTED_EDGE('',*,*,#663,.T.);
#363=ORIENTED_EDGE('',*,*,#601,.T.);
#364=ORIENTED_EDGE('',*,*,#664,.F.);
#365=ORIENTED_EDGE('',*,*,#560,.F.);
#366=ORIENTED_EDGE('',*,*,#664,.T.);
#367=ORIENTED_EDGE('',*,*,#604,.T.);
#368=ORIENTED_EDGE('',*,*,#665,.F.);
#369=ORIENTED_EDGE('',*,*,#561,.F.);
#370=ORIENTED_EDGE('',*,*,#562,.T.);
#371=ORIENTED_EDGE('',*,*,#665,.T.);
#372=ORIENTED_EDGE('',*,*,#603,.F.);
#373=ORIENTED_EDGE('',*,*,#662,.F.);
#374=ORIENTED_EDGE('',*,*,#532,.T.);
#375=ORIENTED_EDGE('',*,*,#666,.T.);
#376=ORIENTED_EDGE('',*,*,#606,.F.);
#377=ORIENTED_EDGE('',*,*,#667,.F.);
#378=ORIENTED_EDGE('',*,*,#667,.T.);
#379=ORIENTED_EDGE('',*,*,#605,.T.);
#380=ORIENTED_EDGE('',*,*,#668,.F.);
#381=ORIENTED_EDGE('',*,*,#533,.F.);
#382=ORIENTED_EDGE('',*,*,#668,.T.);
#383=ORIENTED_EDGE('',*,*,#608,.T.);
#384=ORIENTED_EDGE('',*,*,#669,.F.);
#385=ORIENTED_EDGE('',*,*,#534,.F.);
#386=ORIENTED_EDGE('',*,*,#535,.T.);
#387=ORIENTED_EDGE('',*,*,#669,.T.);
#388=ORIENTED_EDGE('',*,*,#607,.F.);
#389=ORIENTED_EDGE('',*,*,#666,.F.);
#390=ORIENTED_EDGE('',*,*,#563,.T.);
#391=ORIENTED_EDGE('',*,*,#670,.T.);
#392=ORIENTED_EDGE('',*,*,#573,.F.);
#393=ORIENTED_EDGE('',*,*,#671,.F.);
#394=ORIENTED_EDGE('',*,*,#671,.T.);
#395=ORIENTED_EDGE('',*,*,#572,.T.);
#396=ORIENTED_EDGE('',*,*,#672,.F.);
#397=ORIENTED_EDGE('',*,*,#564,.F.);
#398=ORIENTED_EDGE('',*,*,#565,.T.);
#399=ORIENTED_EDGE('',*,*,#672,.T.);
#400=ORIENTED_EDGE('',*,*,#577,.F.);
#401=ORIENTED_EDGE('',*,*,#673,.F.);
#402=ORIENTED_EDGE('',*,*,#566,.T.);
#403=ORIENTED_EDGE('',*,*,#673,.T.);
#404=ORIENTED_EDGE('',*,*,#576,.F.);
#405=ORIENTED_EDGE('',*,*,#674,.F.);
#406=ORIENTED_EDGE('',*,*,#567,.T.);
#407=ORIENTED_EDGE('',*,*,#674,.T.);
#408=ORIENTED_EDGE('',*,*,#575,.F.);
#409=ORIENTED_EDGE('',*,*,#675,.F.);
#410=ORIENTED_EDGE('',*,*,#675,.T.);
#411=ORIENTED_EDGE('',*,*,#574,.T.);
#412=ORIENTED_EDGE('',*,*,#670,.F.);
#413=ORIENTED_EDGE('',*,*,#568,.F.);
#414=ORIENTED_EDGE('',*,*,#569,.F.);
#415=ORIENTED_EDGE('',*,*,#676,.F.);
#416=ORIENTED_EDGE('',*,*,#677,.T.);
#417=ORIENTED_EDGE('',*,*,#678,.T.);
#418=ORIENTED_EDGE('',*,*,#571,.T.);
#419=ORIENTED_EDGE('',*,*,#529,.F.);
#420=ORIENTED_EDGE('',*,*,#679,.F.);
#421=ORIENTED_EDGE('',*,*,#680,.F.);
#422=ORIENTED_EDGE('',*,*,#681,.F.);
#423=ORIENTED_EDGE('',*,*,#676,.T.);
#424=ORIENTED_EDGE('',*,*,#570,.F.);
#425=ORIENTED_EDGE('',*,*,#678,.F.);
#426=ORIENTED_EDGE('',*,*,#682,.T.);
#427=ORIENTED_EDGE('',*,*,#683,.T.);
#428=ORIENTED_EDGE('',*,*,#684,.T.);
#429=ORIENTED_EDGE('',*,*,#531,.T.);
#430=ORIENTED_EDGE('',*,*,#677,.F.);
#431=ORIENTED_EDGE('',*,*,#681,.T.);
#432=ORIENTED_EDGE('',*,*,#685,.T.);
#433=ORIENTED_EDGE('',*,*,#682,.F.);
#434=ORIENTED_EDGE('',*,*,#528,.T.);
#435=ORIENTED_EDGE('',*,*,#684,.F.);
#436=ORIENTED_EDGE('',*,*,#686,.F.);
#437=ORIENTED_EDGE('',*,*,#679,.T.);
#438=ORIENTED_EDGE('',*,*,#680,.T.);
#439=ORIENTED_EDGE('',*,*,#686,.T.);
#440=ORIENTED_EDGE('',*,*,#683,.F.);
#441=ORIENTED_EDGE('',*,*,#685,.F.);
#442=ORIENTED_EDGE('',*,*,#687,.T.);
#443=ORIENTED_EDGE('',*,*,#688,.T.);
#444=ORIENTED_EDGE('',*,*,#494,.F.);
#445=ORIENTED_EDGE('',*,*,#634,.F.);
#446=ORIENTED_EDGE('',*,*,#496,.T.);
#447=ORIENTED_EDGE('',*,*,#689,.T.);
#448=ORIENTED_EDGE('',*,*,#690,.F.);
#449=ORIENTED_EDGE('',*,*,#632,.T.);
#450=ORIENTED_EDGE('',*,*,#690,.T.);
#451=ORIENTED_EDGE('',*,*,#691,.T.);
#452=ORIENTED_EDGE('',*,*,#687,.F.);
#453=ORIENTED_EDGE('',*,*,#633,.T.);
#454=ORIENTED_EDGE('',*,*,#689,.F.);
#455=ORIENTED_EDGE('',*,*,#495,.T.);
#456=ORIENTED_EDGE('',*,*,#688,.F.);
#457=ORIENTED_EDGE('',*,*,#691,.F.);
#458=ORIENTED_EDGE('',*,*,#638,.T.);
#459=ORIENTED_EDGE('',*,*,#500,.T.);
#460=ORIENTED_EDGE('',*,*,#522,.T.);
#461=ORIENTED_EDGE('',*,*,#487,.F.);
#462=ORIENTED_EDGE('',*,*,#635,.T.);
#463=ORIENTED_EDGE('',*,*,#481,.T.);
#464=ORIENTED_EDGE('',*,*,#520,.T.);
#465=ORIENTED_EDGE('',*,*,#511,.F.);
#466=ORIENTED_EDGE('',*,*,#476,.T.);
#467=ORIENTED_EDGE('',*,*,#692,.T.);
#468=ORIENTED_EDGE('',*,*,#483,.F.);
#469=ORIENTED_EDGE('',*,*,#498,.F.);
#470=ORIENTED_EDGE('',*,*,#475,.F.);
#471=ORIENTED_EDGE('',*,*,#492,.F.);
#472=ORIENTED_EDGE('',*,*,#484,.F.);
#473=ORIENTED_EDGE('',*,*,#692,.F.);
#474=EDGE_CURVE('',#693,#694,#839,.T.);
#475=EDGE_CURVE('',#694,#695,#840,.T.);
#476=EDGE_CURVE('',#696,#695,#841,.T.);
#477=EDGE_CURVE('',#696,#697,#842,.T.);
#478=EDGE_CURVE('',#697,#698,#843,.T.);
#479=EDGE_CURVE('',#699,#698,#844,.T.);
#480=EDGE_CURVE('',#700,#699,#845,.T.);
#481=EDGE_CURVE('',#701,#700,#846,.T.);
#482=EDGE_CURVE('',#701,#693,#847,.T.);
#483=EDGE_CURVE('',#702,#703,#848,.T.);
#484=EDGE_CURVE('',#703,#704,#849,.T.);
#485=EDGE_CURVE('',#705,#704,#850,.T.);
#486=EDGE_CURVE('',#706,#705,#851,.T.);
#487=EDGE_CURVE('',#706,#707,#852,.T.);
#488=EDGE_CURVE('',#707,#708,#853,.T.);
#489=EDGE_CURVE('',#708,#709,#854,.T.);
#490=EDGE_CURVE('',#710,#709,#855,.T.);
#491=EDGE_CURVE('',#702,#710,#856,.T.);
#492=EDGE_CURVE('',#704,#694,#857,.T.);
#493=EDGE_CURVE('',#693,#711,#858,.T.);
#494=EDGE_CURVE('',#711,#712,#859,.T.);
#495=EDGE_CURVE('',#713,#712,#860,.T.);
#496=EDGE_CURVE('',#714,#713,#861,.T.);
#497=EDGE_CURVE('',#714,#705,#862,.T.);
#498=EDGE_CURVE('',#696,#702,#863,.T.);
#499=EDGE_CURVE('',#697,#710,#864,.T.);
#500=EDGE_CURVE('',#715,#716,#865,.T.);
#501=EDGE_CURVE('',#715,#717,#866,.T.);
#502=EDGE_CURVE('',#717,#718,#867,.T.);
#503=EDGE_CURVE('',#718,#719,#868,.T.);
#504=EDGE_CURVE('',#720,#719,#869,.T.);
#505=EDGE_CURVE('',#720,#721,#870,.T.);
#506=EDGE_CURVE('',#721,#722,#871,.T.);
#507=EDGE_CURVE('',#722,#723,#872,.T.);
#508=EDGE_CURVE('',#724,#723,#873,.T.);
#509=EDGE_CURVE('',#716,#724,#874,.T.);
#510=EDGE_CURVE('',#725,#726,#875,.T.);
#511=EDGE_CURVE('',#725,#727,#876,.T.);
#512=EDGE_CURVE('',#727,#728,#877,.T.);
#513=EDGE_CURVE('',#728,#729,#878,.T.);
#514=EDGE_CURVE('',#730,#729,#879,.T.);
#515=EDGE_CURVE('',#731,#730,#880,.T.);
#516=EDGE_CURVE('',#732,#731,#881,.T.);
#517=EDGE_CURVE('',#732,#733,#882,.T.);
#518=EDGE_CURVE('',#734,#733,#883,.T.);
#519=EDGE_CURVE('',#726,#734,#884,.T.);
#520=EDGE_CURVE('',#700,#727,#885,.T.);
#521=EDGE_CURVE('',#699,#708,#886,.T.);
#522=EDGE_CURVE('',#716,#707,#887,.T.);
#523=EDGE_CURVE('',#728,#724,#888,.T.);
#524=EDGE_CURVE('',#735,#736,#889,.T.);
#525=EDGE_CURVE('',#735,#737,#890,.T.);
#526=EDGE_CURVE('',#737,#738,#891,.T.);
#527=EDGE_CURVE('',#736,#738,#892,.T.);
#528=EDGE_CURVE('',#739,#740,#893,.T.);
#529=EDGE_CURVE('',#739,#741,#894,.T.);
#530=EDGE_CURVE('',#741,#742,#895,.T.);
#531=EDGE_CURVE('',#740,#742,#896,.T.);
#532=EDGE_CURVE('',#743,#744,#897,.T.);
#533=EDGE_CURVE('',#743,#745,#898,.T.);
#534=EDGE_CURVE('',#745,#746,#899,.T.);
#535=EDGE_CURVE('',#744,#746,#900,.T.);
#536=EDGE_CURVE('',#747,#748,#901,.T.);
#537=EDGE_CURVE('',#747,#749,#20,.T.);
#538=EDGE_CURVE('',#750,#749,#902,.T.);
#539=EDGE_CURVE('',#750,#751,#21,.T.);
#540=EDGE_CURVE('',#752,#751,#903,.T.);
#541=EDGE_CURVE('',#753,#752,#904,.T.);
#542=EDGE_CURVE('',#753,#754,#22,.T.);
#543=EDGE_CURVE('',#755,#754,#905,.T.);
#544=EDGE_CURVE('',#756,#755,#906,.T.);
#545=EDGE_CURVE('',#757,#756,#907,.T.);
#546=EDGE_CURVE('',#757,#758,#23,.T.);
#547=EDGE_CURVE('',#748,#758,#908,.T.);
#548=EDGE_CURVE('',#698,#709,#909,.T.);
#549=EDGE_CURVE('',#759,#760,#910,.T.);
#550=EDGE_CURVE('',#760,#761,#24,.T.);
#551=EDGE_CURVE('',#761,#762,#911,.T.);
#552=EDGE_CURVE('',#762,#763,#25,.T.);
#553=EDGE_CURVE('',#763,#764,#912,.T.);
#554=EDGE_CURVE('',#765,#764,#913,.T.);
#555=EDGE_CURVE('',#765,#766,#914,.T.);
#556=EDGE_CURVE('',#766,#767,#915,.T.);
#557=EDGE_CURVE('',#767,#768,#916,.T.);
#558=EDGE_CURVE('',#759,#768,#917,.T.);
#559=EDGE_CURVE('',#769,#770,#918,.T.);
#560=EDGE_CURVE('',#769,#771,#919,.T.);
#561=EDGE_CURVE('',#771,#772,#920,.T.);
#562=EDGE_CURVE('',#770,#772,#921,.T.);
#563=EDGE_CURVE('',#773,#774,#922,.T.);
#564=EDGE_CURVE('',#773,#775,#26,.T.);
#565=EDGE_CURVE('',#776,#775,#923,.T.);
#566=EDGE_CURVE('',#777,#776,#924,.T.);
#567=EDGE_CURVE('',#778,#777,#925,.T.);
#568=EDGE_CURVE('',#778,#774,#27,.T.);
#569=EDGE_CURVE('',#779,#780,#926,.T.);
#570=EDGE_CURVE('',#780,#742,#927,.T.);
#571=EDGE_CURVE('',#779,#741,#928,.T.);
#572=EDGE_CURVE('',#781,#782,#28,.T.);
#573=EDGE_CURVE('',#781,#783,#929,.T.);
#574=EDGE_CURVE('',#784,#783,#29,.T.);
#575=EDGE_CURVE('',#784,#785,#930,.T.);
#576=EDGE_CURVE('',#785,#786,#931,.T.);
#577=EDGE_CURVE('',#786,#782,#932,.T.);
#578=EDGE_CURVE('',#787,#788,#30,.T.);
#579=EDGE_CURVE('',#787,#789,#933,.T.);
#580=EDGE_CURVE('',#789,#790,#934,.T.);
#581=EDGE_CURVE('',#791,#790,#31,.T.);
#582=EDGE_CURVE('',#791,#792,#935,.T.);
#583=EDGE_CURVE('',#793,#792,#32,.T.);
#584=EDGE_CURVE('',#793,#794,#936,.T.);
#585=EDGE_CURVE('',#794,#795,#937,.T.);
#586=EDGE_CURVE('',#796,#795,#33,.T.);
#587=EDGE_CURVE('',#796,#797,#938,.T.);
#588=EDGE_CURVE('',#797,#798,#939,.T.);
#589=EDGE_CURVE('',#798,#788,#940,.T.);
#590=EDGE_CURVE('',#799,#800,#34,.T.);
#591=EDGE_CURVE('',#801,#799,#941,.T.);
#592=EDGE_CURVE('',#801,#802,#942,.T.);
#593=EDGE_CURVE('',#803,#802,#943,.T.);
#594=EDGE_CURVE('',#804,#803,#944,.T.);
#595=EDGE_CURVE('',#805,#804,#945,.T.);
#596=EDGE_CURVE('',#805,#806,#946,.T.);
#597=EDGE_CURVE('',#807,#806,#947,.T.);
#598=EDGE_CURVE('',#808,#807,#35,.T.);
#599=EDGE_CURVE('',#800,#808,#948,.T.);
#600=EDGE_CURVE('',#729,#723,#949,.T.);
#601=EDGE_CURVE('',#809,#810,#950,.T.);
#602=EDGE_CURVE('',#809,#811,#951,.T.);
#603=EDGE_CURVE('',#811,#812,#952,.T.);
#604=EDGE_CURVE('',#810,#812,#953,.T.);
#605=EDGE_CURVE('',#813,#814,#954,.T.);
#606=EDGE_CURVE('',#813,#815,#955,.T.);
#607=EDGE_CURVE('',#815,#816,#956,.T.);
#608=EDGE_CURVE('',#814,#816,#957,.T.);
#609=EDGE_CURVE('',#817,#734,#958,.T.);
#610=EDGE_CURVE('',#733,#818,#959,.T.);
#611=EDGE_CURVE('',#818,#819,#960,.T.);
#612=EDGE_CURVE('',#730,#819,#961,.T.);
#613=EDGE_CURVE('',#820,#722,#962,.T.);
#614=EDGE_CURVE('',#821,#820,#963,.T.);
#615=EDGE_CURVE('',#821,#719,#964,.T.);
#616=EDGE_CURVE('',#822,#718,#965,.T.);
#617=EDGE_CURVE('',#738,#822,#966,.T.);
#618=EDGE_CURVE('',#737,#817,#967,.T.);
#619=EDGE_CURVE('',#823,#821,#968,.T.);
#620=EDGE_CURVE('',#823,#720,#969,.T.);
#621=EDGE_CURVE('',#824,#820,#970,.T.);
#622=EDGE_CURVE('',#823,#824,#971,.T.);
#623=EDGE_CURVE('',#824,#721,#972,.T.);
#624=EDGE_CURVE('',#732,#825,#973,.T.);
#625=EDGE_CURVE('',#825,#818,#974,.T.);
#626=EDGE_CURVE('',#826,#819,#975,.T.);
#627=EDGE_CURVE('',#731,#826,#976,.T.);
#628=EDGE_CURVE('',#825,#826,#977,.T.);
#629=EDGE_CURVE('',#827,#822,#978,.T.);
#630=EDGE_CURVE('',#736,#827,#979,.T.);
#631=EDGE_CURVE('',#827,#717,#980,.T.);
#632=EDGE_CURVE('',#828,#714,#981,.T.);
#633=EDGE_CURVE('',#829,#828,#982,.T.);
#634=EDGE_CURVE('',#829,#711,#983,.T.);
#635=EDGE_CURVE('',#725,#701,#984,.T.);
#636=EDGE_CURVE('',#830,#726,#985,.T.);
#637=EDGE_CURVE('',#735,#830,#986,.T.);
#638=EDGE_CURVE('',#706,#715,#987,.T.);
#639=EDGE_CURVE('',#830,#817,#988,.T.);
#640=EDGE_CURVE('',#748,#794,#989,.T.);
#641=EDGE_CURVE('',#747,#793,#990,.T.);
#642=EDGE_CURVE('',#749,#792,#991,.T.);
#643=EDGE_CURVE('',#750,#791,#992,.T.);
#644=EDGE_CURVE('',#751,#790,#993,.T.);
#645=EDGE_CURVE('',#752,#789,#994,.T.);
#646=EDGE_CURVE('',#753,#787,#995,.T.);
#647=EDGE_CURVE('',#754,#788,#996,.T.);
#648=EDGE_CURVE('',#755,#798,#997,.T.);
#649=EDGE_CURVE('',#756,#797,#998,.T.);
#650=EDGE_CURVE('',#757,#796,#999,.T.);
#651=EDGE_CURVE('',#758,#795,#1000,.T.);
#652=EDGE_CURVE('',#760,#799,#1001,.T.);
#653=EDGE_CURVE('',#761,#800,#1002,.T.);
#654=EDGE_CURVE('',#762,#808,#1003,.T.);
#655=EDGE_CURVE('',#763,#807,#1004,.T.);
#656=EDGE_CURVE('',#764,#806,#1005,.T.);
#657=EDGE_CURVE('',#765,#805,#1006,.T.);
#658=EDGE_CURVE('',#766,#804,#1007,.T.);
#659=EDGE_CURVE('',#767,#803,#1008,.T.);
#660=EDGE_CURVE('',#768,#802,#1009,.T.);
#661=EDGE_CURVE('',#759,#801,#1010,.T.);
#662=EDGE_CURVE('',#770,#811,#1011,.T.);
#663=EDGE_CURVE('',#769,#809,#1012,.T.);
#664=EDGE_CURVE('',#771,#810,#1013,.T.);
#665=EDGE_CURVE('',#772,#812,#1014,.T.);
#666=EDGE_CURVE('',#744,#815,#1015,.T.);
#667=EDGE_CURVE('',#743,#813,#1016,.T.);
#668=EDGE_CURVE('',#745,#814,#1017,.T.);
#669=EDGE_CURVE('',#746,#816,#1018,.T.);
#670=EDGE_CURVE('',#774,#783,#1019,.T.);
#671=EDGE_CURVE('',#773,#781,#1020,.T.);
#672=EDGE_CURVE('',#775,#782,#1021,.T.);
#673=EDGE_CURVE('',#776,#786,#1022,.T.);
#674=EDGE_CURVE('',#777,#785,#1023,.T.);
#675=EDGE_CURVE('',#778,#784,#1024,.T.);
#676=EDGE_CURVE('',#831,#779,#1025,.T.);
#677=EDGE_CURVE('',#831,#832,#1026,.T.);
#678=EDGE_CURVE('',#832,#780,#1027,.T.);
#679=EDGE_CURVE('',#833,#739,#1028,.T.);
#680=EDGE_CURVE('',#834,#833,#1029,.T.);
#681=EDGE_CURVE('',#831,#834,#1030,.T.);
#682=EDGE_CURVE('',#832,#835,#1031,.T.);
#683=EDGE_CURVE('',#835,#836,#1032,.T.);
#684=EDGE_CURVE('',#836,#740,#1033,.T.);
#685=EDGE_CURVE('',#834,#835,#1034,.T.);
#686=EDGE_CURVE('',#833,#836,#1035,.T.);
#687=EDGE_CURVE('',#829,#837,#1036,.T.);
#688=EDGE_CURVE('',#837,#712,#1037,.T.);
#689=EDGE_CURVE('',#713,#838,#1038,.T.);
#690=EDGE_CURVE('',#828,#838,#1039,.T.);
#691=EDGE_CURVE('',#838,#837,#1040,.T.);
#692=EDGE_CURVE('',#695,#703,#1041,.T.);
#693=VERTEX_POINT('',#2055);
#694=VERTEX_POINT('',#2056);
#695=VERTEX_POINT('',#2058);
#696=VERTEX_POINT('',#2060);
#697=VERTEX_POINT('',#2062);
#698=VERTEX_POINT('',#2064);
#699=VERTEX_POINT('',#2066);
#700=VERTEX_POINT('',#2068);
#701=VERTEX_POINT('',#2070);
#702=VERTEX_POINT('',#2074);
#703=VERTEX_POINT('',#2075);
#704=VERTEX_POINT('',#2077);
#705=VERTEX_POINT('',#2079);
#706=VERTEX_POINT('',#2081);
#707=VERTEX_POINT('',#2083);
#708=VERTEX_POINT('',#2085);
#709=VERTEX_POINT('',#2087);
#710=VERTEX_POINT('',#2089);
#711=VERTEX_POINT('',#2094);
#712=VERTEX_POINT('',#2096);
#713=VERTEX_POINT('',#2098);
#714=VERTEX_POINT('',#2100);
#715=VERTEX_POINT('',#2107);
#716=VERTEX_POINT('',#2108);
#717=VERTEX_POINT('',#2110);
#718=VERTEX_POINT('',#2112);
#719=VERTEX_POINT('',#2114);
#720=VERTEX_POINT('',#2116);
#721=VERTEX_POINT('',#2118);
#722=VERTEX_POINT('',#2120);
#723=VERTEX_POINT('',#2122);
#724=VERTEX_POINT('',#2124);
#725=VERTEX_POINT('',#2128);
#726=VERTEX_POINT('',#2129);
#727=VERTEX_POINT('',#2131);
#728=VERTEX_POINT('',#2133);
#729=VERTEX_POINT('',#2135);
#730=VERTEX_POINT('',#2137);
#731=VERTEX_POINT('',#2139);
#732=VERTEX_POINT('',#2141);
#733=VERTEX_POINT('',#2143);
#734=VERTEX_POINT('',#2145);
#735=VERTEX_POINT('',#2154);
#736=VERTEX_POINT('',#2155);
#737=VERTEX_POINT('',#2157);
#738=VERTEX_POINT('',#2159);
#739=VERTEX_POINT('',#2163);
#740=VERTEX_POINT('',#2164);
#741=VERTEX_POINT('',#2166);
#742=VERTEX_POINT('',#2168);
#743=VERTEX_POINT('',#2172);
#744=VERTEX_POINT('',#2173);
#745=VERTEX_POINT('',#2175);
#746=VERTEX_POINT('',#2177);
#747=VERTEX_POINT('',#2180);
#748=VERTEX_POINT('',#2181);
#749=VERTEX_POINT('',#2183);
#750=VERTEX_POINT('',#2185);
#751=VERTEX_POINT('',#2187);
#752=VERTEX_POINT('',#2189);
#753=VERTEX_POINT('',#2191);
#754=VERTEX_POINT('',#2193);
#755=VERTEX_POINT('',#2195);
#756=VERTEX_POINT('',#2197);
#757=VERTEX_POINT('',#2199);
#758=VERTEX_POINT('',#2201);
#759=VERTEX_POINT('',#2205);
#760=VERTEX_POINT('',#2206);
#761=VERTEX_POINT('',#2208);
#762=VERTEX_POINT('',#2210);
#763=VERTEX_POINT('',#2212);
#764=VERTEX_POINT('',#2214);
#765=VERTEX_POINT('',#2216);
#766=VERTEX_POINT('',#2218);
#767=VERTEX_POINT('',#2220);
#768=VERTEX_POINT('',#2222);
#769=VERTEX_POINT('',#2225);
#770=VERTEX_POINT('',#2226);
#771=VERTEX_POINT('',#2228);
#772=VERTEX_POINT('',#2230);
#773=VERTEX_POINT('',#2233);
#774=VERTEX_POINT('',#2234);
#775=VERTEX_POINT('',#2236);
#776=VERTEX_POINT('',#2238);
#777=VERTEX_POINT('',#2240);
#778=VERTEX_POINT('',#2242);
#779=VERTEX_POINT('',#2246);
#780=VERTEX_POINT('',#2247);
#781=VERTEX_POINT('',#2251);
#782=VERTEX_POINT('',#2252);
#783=VERTEX_POINT('',#2254);
#784=VERTEX_POINT('',#2256);
#785=VERTEX_POINT('',#2258);
#786=VERTEX_POINT('',#2260);
#787=VERTEX_POINT('',#2263);
#788=VERTEX_POINT('',#2264);
#789=VERTEX_POINT('',#2266);
#790=VERTEX_POINT('',#2268);
#791=VERTEX_POINT('',#2270);
#792=VERTEX_POINT('',#2272);
#793=VERTEX_POINT('',#2274);
#794=VERTEX_POINT('',#2276);
#795=VERTEX_POINT('',#2278);
#796=VERTEX_POINT('',#2280);
#797=VERTEX_POINT('',#2282);
#798=VERTEX_POINT('',#2284);
#799=VERTEX_POINT('',#2287);
#800=VERTEX_POINT('',#2288);
#801=VERTEX_POINT('',#2290);
#802=VERTEX_POINT('',#2292);
#803=VERTEX_POINT('',#2294);
#804=VERTEX_POINT('',#2296);
#805=VERTEX_POINT('',#2298);
#806=VERTEX_POINT('',#2300);
#807=VERTEX_POINT('',#2302);
#808=VERTEX_POINT('',#2304);
#809=VERTEX_POINT('',#2308);
#810=VERTEX_POINT('',#2309);
#811=VERTEX_POINT('',#2311);
#812=VERTEX_POINT('',#2313);
#813=VERTEX_POINT('',#2316);
#814=VERTEX_POINT('',#2317);
#815=VERTEX_POINT('',#2319);
#816=VERTEX_POINT('',#2321);
#817=VERTEX_POINT('',#2325);
#818=VERTEX_POINT('',#2327);
#819=VERTEX_POINT('',#2329);
#820=VERTEX_POINT('',#2332);
#821=VERTEX_POINT('',#2334);
#822=VERTEX_POINT('',#2337);
#823=VERTEX_POINT('',#2342);
#824=VERTEX_POINT('',#2346);
#825=VERTEX_POINT('',#2353);
#826=VERTEX_POINT('',#2357);
#827=VERTEX_POINT('',#2364);
#828=VERTEX_POINT('',#2370);
#829=VERTEX_POINT('',#2372);
#830=VERTEX_POINT('',#2376);
#831=VERTEX_POINT('',#2456);
#832=VERTEX_POINT('',#2458);
#833=VERTEX_POINT('',#2462);
#834=VERTEX_POINT('',#2464);
#835=VERTEX_POINT('',#2468);
#836=VERTEX_POINT('',#2470);
#837=VERTEX_POINT('',#2479);
#838=VERTEX_POINT('',#2483);
#839=LINE('',#2054,#1042);
#840=LINE('',#2057,#1043);
#841=LINE('',#2059,#1044);
#842=LINE('',#2061,#1045);
#843=LINE('',#2063,#1046);
#844=LINE('',#2065,#1047);
#845=LINE('',#2067,#1048);
#846=LINE('',#2069,#1049);
#847=LINE('',#2071,#1050);
#848=LINE('',#2073,#1051);
#849=LINE('',#2076,#1052);
#850=LINE('',#2078,#1053);
#851=LINE('',#2080,#1054);
#852=LINE('',#2082,#1055);
#853=LINE('',#2084,#1056);
#854=LINE('',#2086,#1057);
#855=LINE('',#2088,#1058);
#856=LINE('',#2090,#1059);
#857=LINE('',#2092,#1060);
#858=LINE('',#2093,#1061);
#859=LINE('',#2095,#1062);
#860=LINE('',#2097,#1063);
#861=LINE('',#2099,#1064);
#862=LINE('',#2101,#1065);
#863=LINE('',#2103,#1066);
#864=LINE('',#2104,#1067);
#865=LINE('',#2106,#1068);
#866=LINE('',#2109,#1069);
#867=LINE('',#2111,#1070);
#868=LINE('',#2113,#1071);
#869=LINE('',#2115,#1072);
#870=LINE('',#2117,#1073);
#871=LINE('',#2119,#1074);
#872=LINE('',#2121,#1075);
#873=LINE('',#2123,#1076);
#874=LINE('',#2125,#1077);
#875=LINE('',#2127,#1078);
#876=LINE('',#2130,#1079);
#877=LINE('',#2132,#1080);
#878=LINE('',#2134,#1081);
#879=LINE('',#2136,#1082);
#880=LINE('',#2138,#1083);
#881=LINE('',#2140,#1084);
#882=LINE('',#2142,#1085);
#883=LINE('',#2144,#1086);
#884=LINE('',#2146,#1087);
#885=LINE('',#2148,#1088);
#886=LINE('',#2149,#1089);
#887=LINE('',#2150,#1090);
#888=LINE('',#2151,#1091);
#889=LINE('',#2153,#1092);
#890=LINE('',#2156,#1093);
#891=LINE('',#2158,#1094);
#892=LINE('',#2160,#1095);
#893=LINE('',#2162,#1096);
#894=LINE('',#2165,#1097);
#895=LINE('',#2167,#1098);
#896=LINE('',#2169,#1099);
#897=LINE('',#2171,#1100);
#898=LINE('',#2174,#1101);
#899=LINE('',#2176,#1102);
#900=LINE('',#2178,#1103);
#901=LINE('',#2179,#1104);
#902=LINE('',#2184,#1105);
#903=LINE('',#2188,#1106);
#904=LINE('',#2190,#1107);
#905=LINE('',#2194,#1108);
#906=LINE('',#2196,#1109);
#907=LINE('',#2198,#1110);
#908=LINE('',#2202,#1111);
#909=LINE('',#2203,#1112);
#910=LINE('',#2204,#1113);
#911=LINE('',#2209,#1114);
#912=LINE('',#2213,#1115);
#913=LINE('',#2215,#1116);
#914=LINE('',#2217,#1117);
#915=LINE('',#2219,#1118);
#916=LINE('',#2221,#1119);
#917=LINE('',#2223,#1120);
#918=LINE('',#2224,#1121);
#919=LINE('',#2227,#1122);
#920=LINE('',#2229,#1123);
#921=LINE('',#2231,#1124);
#922=LINE('',#2232,#1125);
#923=LINE('',#2237,#1126);
#924=LINE('',#2239,#1127);
#925=LINE('',#2241,#1128);
#926=LINE('',#2245,#1129);
#927=LINE('',#2248,#1130);
#928=LINE('',#2249,#1131);
#929=LINE('',#2253,#1132);
#930=LINE('',#2257,#1133);
#931=LINE('',#2259,#1134);
#932=LINE('',#2261,#1135);
#933=LINE('',#2265,#1136);
#934=LINE('',#2267,#1137);
#935=LINE('',#2271,#1138);
#936=LINE('',#2275,#1139);
#937=LINE('',#2277,#1140);
#938=LINE('',#2281,#1141);
#939=LINE('',#2283,#1142);
#940=LINE('',#2285,#1143);
#941=LINE('',#2289,#1144);
#942=LINE('',#2291,#1145);
#943=LINE('',#2293,#1146);
#944=LINE('',#2295,#1147);
#945=LINE('',#2297,#1148);
#946=LINE('',#2299,#1149);
#947=LINE('',#2301,#1150);
#948=LINE('',#2305,#1151);
#949=LINE('',#2306,#1152);
#950=LINE('',#2307,#1153);
#951=LINE('',#2310,#1154);
#952=LINE('',#2312,#1155);
#953=LINE('',#2314,#1156);
#954=LINE('',#2315,#1157);
#955=LINE('',#2318,#1158);
#956=LINE('',#2320,#1159);
#957=LINE('',#2322,#1160);
#958=LINE('',#2324,#1161);
#959=LINE('',#2326,#1162);
#960=LINE('',#2328,#1163);
#961=LINE('',#2330,#1164);
#962=LINE('',#2331,#1165);
#963=LINE('',#2333,#1166);
#964=LINE('',#2335,#1167);
#965=LINE('',#2336,#1168);
#966=LINE('',#2338,#1169);
#967=LINE('',#2339,#1170);
#968=LINE('',#2341,#1171);
#969=LINE('',#2343,#1172);
#970=LINE('',#2345,#1173);
#971=LINE('',#2347,#1174);
#972=LINE('',#2349,#1175);
#973=LINE('',#2352,#1176);
#974=LINE('',#2354,#1177);
#975=LINE('',#2356,#1178);
#976=LINE('',#2358,#1179);
#977=LINE('',#2360,#1180);
#978=LINE('',#2363,#1181);
#979=LINE('',#2365,#1182);
#980=LINE('',#2367,#1183);
#981=LINE('',#2369,#1184);
#982=LINE('',#2371,#1185);
#983=LINE('',#2373,#1186);
#984=LINE('',#2374,#1187);
#985=LINE('',#2375,#1188);
#986=LINE('',#2377,#1189);
#987=LINE('',#2378,#1190);
#988=LINE('',#2380,#1191);
#989=LINE('',#2383,#1192);
#990=LINE('',#2384,#1193);
#991=LINE('',#2386,#1194);
#992=LINE('',#2388,#1195);
#993=LINE('',#2390,#1196);
#994=LINE('',#2392,#1197);
#995=LINE('',#2394,#1198);
#996=LINE('',#2396,#1199);
#997=LINE('',#2398,#1200);
#998=LINE('',#2400,#1201);
#999=LINE('',#2402,#1202);
#1000=LINE('',#2404,#1203);
#1001=LINE('',#2407,#1204);
#1002=LINE('',#2408,#1205);
#1003=LINE('',#2410,#1206);
#1004=LINE('',#2412,#1207);
#1005=LINE('',#2414,#1208);
#1006=LINE('',#2416,#1209);
#1007=LINE('',#2418,#1210);
#1008=LINE('',#2420,#1211);
#1009=LINE('',#2422,#1212);
#1010=LINE('',#2424,#1213);
#1011=LINE('',#2427,#1214);
#1012=LINE('',#2428,#1215);
#1013=LINE('',#2430,#1216);
#1014=LINE('',#2432,#1217);
#1015=LINE('',#2435,#1218);
#1016=LINE('',#2436,#1219);
#1017=LINE('',#2438,#1220);
#1018=LINE('',#2440,#1221);
#1019=LINE('',#2443,#1222);
#1020=LINE('',#2444,#1223);
#1021=LINE('',#2446,#1224);
#1022=LINE('',#2448,#1225);
#1023=LINE('',#2450,#1226);
#1024=LINE('',#2452,#1227);
#1025=LINE('',#2455,#1228);
#1026=LINE('',#2457,#1229);
#1027=LINE('',#2459,#1230);
#1028=LINE('',#2461,#1231);
#1029=LINE('',#2463,#1232);
#1030=LINE('',#2465,#1233);
#1031=LINE('',#2467,#1234);
#1032=LINE('',#2469,#1235);
#1033=LINE('',#2471,#1236);
#1034=LINE('',#2473,#1237);
#1035=LINE('',#2475,#1238);
#1036=LINE('',#2478,#1239);
#1037=LINE('',#2480,#1240);
#1038=LINE('',#2482,#1241);
#1039=LINE('',#2484,#1242);
#1040=LINE('',#2486,#1243);
#1041=LINE('',#2491,#1244);
#1042=VECTOR('',#1669,1.);
#1043=VECTOR('',#1670,1.);
#1044=VECTOR('',#1671,1.);
#1045=VECTOR('',#1672,1.);
#1046=VECTOR('',#1673,1.);
#1047=VECTOR('',#1674,1.);
#1048=VECTOR('',#1675,1.);
#1049=VECTOR('',#1676,1.);
#1050=VECTOR('',#1677,1.);
#1051=VECTOR('',#1680,1.);
#1052=VECTOR('',#1681,1.);
#1053=VECTOR('',#1682,1.);
#1054=VECTOR('',#1683,1.);
#1055=VECTOR('',#1684,1.);
#1056=VECTOR('',#1685,1.);
#1057=VECTOR('',#1686,1.);
#1058=VECTOR('',#1687,1.);
#1059=VECTOR('',#1688,1.);
#1060=VECTOR('',#1691,1.);
#1061=VECTOR('',#1692,1.);
#1062=VECTOR('',#1693,1.);
#1063=VECTOR('',#1694,1.);
#1064=VECTOR('',#1695,1.);
#1065=VECTOR('',#1696,1.);
#1066=VECTOR('',#1699,1.);
#1067=VECTOR('',#1700,1.);
#1068=VECTOR('',#1703,1.);
#1069=VECTOR('',#1704,1.);
#1070=VECTOR('',#1705,1.);
#1071=VECTOR('',#1706,1.);
#1072=VECTOR('',#1707,1.);
#1073=VECTOR('',#1708,1.);
#1074=VECTOR('',#1709,1.);
#1075=VECTOR('',#1710,1.);
#1076=VECTOR('',#1711,1.);
#1077=VECTOR('',#1712,1.);
#1078=VECTOR('',#1715,1.);
#1079=VECTOR('',#1716,1.);
#1080=VECTOR('',#1717,1.);
#1081=VECTOR('',#1718,1.);
#1082=VECTOR('',#1719,1.);
#1083=VECTOR('',#1720,1.);
#1084=VECTOR('',#1721,1.);
#1085=VECTOR('',#1722,1.);
#1086=VECTOR('',#1723,1.);
#1087=VECTOR('',#1724,1.);
#1088=VECTOR('',#1727,1.);
#1089=VECTOR('',#1728,1.);
#1090=VECTOR('',#1729,1.);
#1091=VECTOR('',#1730,1.);
#1092=VECTOR('',#1733,1.);
#1093=VECTOR('',#1734,1.);
#1094=VECTOR('',#1735,1.);
#1095=VECTOR('',#1736,1.);
#1096=VECTOR('',#1739,1.);
#1097=VECTOR('',#1740,1.);
#1098=VECTOR('',#1741,1.);
#1099=VECTOR('',#1742,1.);
#1100=VECTOR('',#1745,1.);
#1101=VECTOR('',#1746,1.);
#1102=VECTOR('',#1747,1.);
#1103=VECTOR('',#1748,1.);
#1104=VECTOR('',#1749,1.);
#1105=VECTOR('',#1752,1.);
#1106=VECTOR('',#1755,1.);
#1107=VECTOR('',#1756,1.);
#1108=VECTOR('',#1759,1.);
#1109=VECTOR('',#1760,1.);
#1110=VECTOR('',#1761,1.);
#1111=VECTOR('',#1764,1.);
#1112=VECTOR('',#1765,1.);
#1113=VECTOR('',#1766,1.);
#1114=VECTOR('',#1769,1.);
#1115=VECTOR('',#1772,1.);
#1116=VECTOR('',#1773,1.);
#1117=VECTOR('',#1774,1.);
#1118=VECTOR('',#1775,1.);
#1119=VECTOR('',#1776,1.);
#1120=VECTOR('',#1777,1.);
#1121=VECTOR('',#1778,1.);
#1122=VECTOR('',#1779,1.);
#1123=VECTOR('',#1780,1.);
#1124=VECTOR('',#1781,1.);
#1125=VECTOR('',#1782,1.);
#1126=VECTOR('',#1785,1.);
#1127=VECTOR('',#1786,1.);
#1128=VECTOR('',#1787,1.);
#1129=VECTOR('',#1792,1.);
#1130=VECTOR('',#1793,1.);
#1131=VECTOR('',#1794,1.);
#1132=VECTOR('',#1797,1.);
#1133=VECTOR('',#1800,1.);
#1134=VECTOR('',#1801,1.);
#1135=VECTOR('',#1802,1.);
#1136=VECTOR('',#1805,1.);
#1137=VECTOR('',#1806,1.);
#1138=VECTOR('',#1809,1.);
#1139=VECTOR('',#1812,1.);
#1140=VECTOR('',#1813,1.);
#1141=VECTOR('',#1816,1.);
#1142=VECTOR('',#1817,1.);
#1143=VECTOR('',#1818,1.);
#1144=VECTOR('',#1821,1.);
#1145=VECTOR('',#1822,1.);
#1146=VECTOR('',#1823,1.);
#1147=VECTOR('',#1824,1.);
#1148=VECTOR('',#1825,1.);
#1149=VECTOR('',#1826,1.);
#1150=VECTOR('',#1827,1.);
#1151=VECTOR('',#1830,1.);
#1152=VECTOR('',#1831,1.);
#1153=VECTOR('',#1832,1.);
#1154=VECTOR('',#1833,1.);
#1155=VECTOR('',#1834,1.);
#1156=VECTOR('',#1835,1.);
#1157=VECTOR('',#1836,1.);
#1158=VECTOR('',#1837,1.);
#1159=VECTOR('',#1838,1.);
#1160=VECTOR('',#1839,1.);
#1161=VECTOR('',#1842,1.);
#1162=VECTOR('',#1843,1.);
#1163=VECTOR('',#1844,1.);
#1164=VECTOR('',#1845,1.);
#1165=VECTOR('',#1846,1.);
#1166=VECTOR('',#1847,1.);
#1167=VECTOR('',#1848,1.);
#1168=VECTOR('',#1849,1.);
#1169=VECTOR('',#1850,1.);
#1170=VECTOR('',#1851,1.);
#1171=VECTOR('',#1854,1.);
#1172=VECTOR('',#1855,1.);
#1173=VECTOR('',#1858,1.);
#1174=VECTOR('',#1859,1.);
#1175=VECTOR('',#1862,1.);
#1176=VECTOR('',#1867,1.);
#1177=VECTOR('',#1868,1.);
#1178=VECTOR('',#1871,1.);
#1179=VECTOR('',#1872,1.);
#1180=VECTOR('',#1875,1.);
#1181=VECTOR('',#1880,1.);
#1182=VECTOR('',#1881,1.);
#1183=VECTOR('',#1884,1.);
#1184=VECTOR('',#1887,1.);
#1185=VECTOR('',#1888,1.);
#1186=VECTOR('',#1889,1.);
#1187=VECTOR('',#1890,1.);
#1188=VECTOR('',#1891,1.);
#1189=VECTOR('',#1892,1.);
#1190=VECTOR('',#1893,1.);
#1191=VECTOR('',#1896,1.);
#1192=VECTOR('',#1901,1.);
#1193=VECTOR('',#1902,1.);
#1194=VECTOR('',#1905,1.);
#1195=VECTOR('',#1908,1.);
#1196=VECTOR('',#1911,1.);
#1197=VECTOR('',#1914,1.);
#1198=VECTOR('',#1917,1.);
#1199=VECTOR('',#1920,1.);
#1200=VECTOR('',#1923,1.);
#1201=VECTOR('',#1926,1.);
#1202=VECTOR('',#1929,1.);
#1203=VECTOR('',#1932,1.);
#1204=VECTOR('',#1937,1.);
#1205=VECTOR('',#1938,1.);
#1206=VECTOR('',#1941,1.);
#1207=VECTOR('',#1944,1.);
#1208=VECTOR('',#1947,1.);
#1209=VECTOR('',#1950,1.);
#1210=VECTOR('',#1953,1.);
#1211=VECTOR('',#1956,1.);
#1212=VECTOR('',#1959,1.);
#1213=VECTOR('',#1962,1.);
#1214=VECTOR('',#1967,1.);
#1215=VECTOR('',#1968,1.);
#1216=VECTOR('',#1971,1.);
#1217=VECTOR('',#1974,1.);
#1218=VECTOR('',#1979,1.);
#1219=VECTOR('',#1980,1.);
#1220=VECTOR('',#1983,1.);
#1221=VECTOR('',#1986,1.);
#1222=VECTOR('',#1991,1.);
#1223=VECTOR('',#1992,1.);
#1224=VECTOR('',#1995,1.);
#1225=VECTOR('',#1998,1.);
#1226=VECTOR('',#2001,1.);
#1227=VECTOR('',#2004,1.);
#1228=VECTOR('',#2009,1.);
#1229=VECTOR('',#2010,1.);
#1230=VECTOR('',#2011,1.);
#1231=VECTOR('',#2014,1.);
#1232=VECTOR('',#2015,1.);
#1233=VECTOR('',#2016,1.);
#1234=VECTOR('',#2019,1.);
#1235=VECTOR('',#2020,1.);
#1236=VECTOR('',#2021,1.);
#1237=VECTOR('',#2024,1.);
#1238=VECTOR('',#2027,1.);
#1239=VECTOR('',#2032,1.);
#1240=VECTOR('',#2033,1.);
#1241=VECTOR('',#2036,1.);
#1242=VECTOR('',#2037,1.);
#1243=VECTOR('',#2040,1.);
#1244=VECTOR('',#2049,1.);
#1245=EDGE_LOOP('',(#36,#37,#38,#39,#40,#41,#42,#43,#44));
#1246=EDGE_LOOP('',(#45,#46,#47,#48,#49,#50,#51,#52,#53));
#1247=EDGE_LOOP('',(#54,#55,#56,#57,#58,#59,#60,#61));
#1248=EDGE_LOOP('',(#62,#63,#64,#65));
#1249=EDGE_LOOP('',(#66,#67,#68,#69,#70,#71,#72,#73,#74,#75));
#1250=EDGE_LOOP('',(#76,#77,#78,#79,#80,#81,#82,#83,#84,#85));
#1251=EDGE_LOOP('',(#86,#87,#88,#89,#90,#91,#92,#93));
#1252=EDGE_LOOP('',(#94,#95,#96,#97));
#1253=EDGE_LOOP('',(#98,#99,#100,#101));
#1254=EDGE_LOOP('',(#102,#103,#104,#105));
#1255=EDGE_LOOP('',(#106,#107,#108,#109,#110,#111,#112,#113,#114,#115,#116,
#117));
#1256=EDGE_LOOP('',(#118,#119,#120,#121));
#1257=EDGE_LOOP('',(#122,#123,#124,#125,#126,#127,#128,#129,#130,#131));
#1258=EDGE_LOOP('',(#132,#133,#134,#135));
#1259=EDGE_LOOP('',(#136,#137,#138,#139,#140,#141));
#1260=EDGE_LOOP('',(#142,#143,#144,#145));
#1261=EDGE_LOOP('',(#146,#147,#148,#149,#150,#151));
#1262=EDGE_LOOP('',(#152,#153,#154,#155,#156,#157,#158,#159,#160,#161,#162,
#163));
#1263=EDGE_LOOP('',(#164,#165,#166,#167,#168,#169,#170,#171,#172,#173));
#1264=EDGE_LOOP('',(#174,#175,#176,#177));
#1265=EDGE_LOOP('',(#178,#179,#180,#181));
#1266=EDGE_LOOP('',(#182,#183,#184,#185));
#1267=EDGE_LOOP('',(#186,#187,#188,#189,#190,#191,#192,#193,#194,#195,#196,
#197,#198,#199,#200,#201));
#1268=EDGE_LOOP('',(#202,#203,#204,#205));
#1269=EDGE_LOOP('',(#206,#207,#208,#209));
#1270=EDGE_LOOP('',(#210,#211,#212,#213));
#1271=EDGE_LOOP('',(#214,#215,#216,#217));
#1272=EDGE_LOOP('',(#218,#219,#220,#221));
#1273=EDGE_LOOP('',(#222,#223,#224,#225));
#1274=EDGE_LOOP('',(#226,#227,#228,#229));
#1275=EDGE_LOOP('',(#230,#231,#232,#233));
#1276=EDGE_LOOP('',(#234,#235,#236,#237));
#1277=EDGE_LOOP('',(#238,#239,#240,#241));
#1278=EDGE_LOOP('',(#242,#243,#244,#245));
#1279=EDGE_LOOP('',(#246,#247,#248,#249,#250,#251,#252,#253,#254,#255,#256,
#257,#258,#259,#260,#261));
#1280=EDGE_LOOP('',(#262,#263,#264,#265));
#1281=EDGE_LOOP('',(#266,#267,#268,#269));
#1282=EDGE_LOOP('',(#270,#271,#272,#273));
#1283=EDGE_LOOP('',(#274,#275,#276,#277));
#1284=EDGE_LOOP('',(#278,#279,#280,#281));
#1285=EDGE_LOOP('',(#282,#283,#284,#285));
#1286=EDGE_LOOP('',(#286,#287,#288,#289));
#1287=EDGE_LOOP('',(#290,#291,#292,#293));
#1288=EDGE_LOOP('',(#294,#295,#296,#297));
#1289=EDGE_LOOP('',(#298,#299,#300,#301));
#1290=EDGE_LOOP('',(#302,#303,#304,#305));
#1291=EDGE_LOOP('',(#306,#307,#308,#309));
#1292=EDGE_LOOP('',(#310,#311,#312,#313));
#1293=EDGE_LOOP('',(#314,#315,#316,#317));
#1294=EDGE_LOOP('',(#318,#319,#320,#321));
#1295=EDGE_LOOP('',(#322,#323,#324,#325));
#1296=EDGE_LOOP('',(#326,#327,#328,#329));
#1297=EDGE_LOOP('',(#330,#331,#332,#333));
#1298=EDGE_LOOP('',(#334,#335,#336,#337));
#1299=EDGE_LOOP('',(#338,#339,#340,#341));
#1300=EDGE_LOOP('',(#342,#343,#344,#345));
#1301=EDGE_LOOP('',(#346,#347,#348,#349));
#1302=EDGE_LOOP('',(#350,#351,#352,#353));
#1303=EDGE_LOOP('',(#354,#355,#356,#357));
#1304=EDGE_LOOP('',(#358,#359,#360,#361));
#1305=EDGE_LOOP('',(#362,#363,#364,#365));
#1306=EDGE_LOOP('',(#366,#367,#368,#369));
#1307=EDGE_LOOP('',(#370,#371,#372,#373));
#1308=EDGE_LOOP('',(#374,#375,#376,#377));
#1309=EDGE_LOOP('',(#378,#379,#380,#381));
#1310=EDGE_LOOP('',(#382,#383,#384,#385));
#1311=EDGE_LOOP('',(#386,#387,#388,#389));
#1312=EDGE_LOOP('',(#390,#391,#392,#393));
#1313=EDGE_LOOP('',(#394,#395,#396,#397));
#1314=EDGE_LOOP('',(#398,#399,#400,#401));
#1315=EDGE_LOOP('',(#402,#403,#404,#405));
#1316=EDGE_LOOP('',(#406,#407,#408,#409));
#1317=EDGE_LOOP('',(#410,#411,#412,#413));
#1318=EDGE_LOOP('',(#414,#415,#416,#417));
#1319=EDGE_LOOP('',(#418,#419,#420,#421,#422,#423));
#1320=EDGE_LOOP('',(#424,#425,#426,#427,#428,#429));
#1321=EDGE_LOOP('',(#430,#431,#432,#433));
#1322=EDGE_LOOP('',(#434,#435,#436,#437));
#1323=EDGE_LOOP('',(#438,#439,#440,#441));
#1324=EDGE_LOOP('',(#442,#443,#444,#445));
#1325=EDGE_LOOP('',(#446,#447,#448,#449));
#1326=EDGE_LOOP('',(#450,#451,#452,#453));
#1327=EDGE_LOOP('',(#454,#455,#456,#457));
#1328=EDGE_LOOP('',(#458,#459,#460,#461));
#1329=EDGE_LOOP('',(#462,#463,#464,#465));
#1330=EDGE_LOOP('',(#466,#467,#468,#469));
#1331=EDGE_LOOP('',(#470,#471,#472,#473));
#1332=FACE_BOUND('',#1245,.T.);
#1333=FACE_BOUND('',#1246,.T.);
#1334=FACE_BOUND('',#1247,.T.);
#1335=FACE_BOUND('',#1248,.T.);
#1336=FACE_BOUND('',#1249,.T.);
#1337=FACE_BOUND('',#1250,.T.);
#1338=FACE_BOUND('',#1251,.T.);
#1339=FACE_BOUND('',#1252,.T.);
#1340=FACE_BOUND('',#1253,.T.);
#1341=FACE_BOUND('',#1254,.T.);
#1342=FACE_BOUND('',#1255,.T.);
#1343=FACE_BOUND('',#1256,.T.);
#1344=FACE_BOUND('',#1257,.T.);
#1345=FACE_BOUND('',#1258,.T.);
#1346=FACE_BOUND('',#1259,.T.);
#1347=FACE_BOUND('',#1260,.T.);
#1348=FACE_BOUND('',#1261,.T.);
#1349=FACE_BOUND('',#1262,.T.);
#1350=FACE_BOUND('',#1263,.T.);
#1351=FACE_BOUND('',#1264,.T.);
#1352=FACE_BOUND('',#1265,.T.);
#1353=FACE_BOUND('',#1266,.T.);
#1354=FACE_BOUND('',#1267,.T.);
#1355=FACE_BOUND('',#1268,.T.);
#1356=FACE_BOUND('',#1269,.T.);
#1357=FACE_BOUND('',#1270,.T.);
#1358=FACE_BOUND('',#1271,.T.);
#1359=FACE_BOUND('',#1272,.T.);
#1360=FACE_BOUND('',#1273,.T.);
#1361=FACE_BOUND('',#1274,.T.);
#1362=FACE_BOUND('',#1275,.T.);
#1363=FACE_BOUND('',#1276,.T.);
#1364=FACE_BOUND('',#1277,.T.);
#1365=FACE_BOUND('',#1278,.T.);
#1366=FACE_BOUND('',#1279,.T.);
#1367=FACE_BOUND('',#1280,.T.);
#1368=FACE_BOUND('',#1281,.T.);
#1369=FACE_BOUND('',#1282,.T.);
#1370=FACE_BOUND('',#1283,.T.);
#1371=FACE_BOUND('',#1284,.T.);
#1372=FACE_BOUND('',#1285,.T.);
#1373=FACE_BOUND('',#1286,.T.);
#1374=FACE_BOUND('',#1287,.T.);
#1375=FACE_BOUND('',#1288,.T.);
#1376=FACE_BOUND('',#1289,.T.);
#1377=FACE_BOUND('',#1290,.T.);
#1378=FACE_BOUND('',#1291,.T.);
#1379=FACE_BOUND('',#1292,.T.);
#1380=FACE_BOUND('',#1293,.T.);
#1381=FACE_BOUND('',#1294,.T.);
#1382=FACE_BOUND('',#1295,.T.);
#1383=FACE_BOUND('',#1296,.T.);
#1384=FACE_BOUND('',#1297,.T.);
#1385=FACE_BOUND('',#1298,.T.);
#1386=FACE_BOUND('',#1299,.T.);
#1387=FACE_BOUND('',#1300,.T.);
#1388=FACE_BOUND('',#1301,.T.);
#1389=FACE_BOUND('',#1302,.T.);
#1390=FACE_BOUND('',#1303,.T.);
#1391=FACE_BOUND('',#1304,.T.);
#1392=FACE_BOUND('',#1305,.T.);
#1393=FACE_BOUND('',#1306,.T.);
#1394=FACE_BOUND('',#1307,.T.);
#1395=FACE_BOUND('',#1308,.T.);
#1396=FACE_BOUND('',#1309,.T.);
#1397=FACE_BOUND('',#1310,.T.);
#1398=FACE_BOUND('',#1311,.T.);
#1399=FACE_BOUND('',#1312,.T.);
#1400=FACE_BOUND('',#1313,.T.);
#1401=FACE_BOUND('',#1314,.T.);
#1402=FACE_BOUND('',#1315,.T.);
#1403=FACE_BOUND('',#1316,.T.);
#1404=FACE_BOUND('',#1317,.T.);
#1405=FACE_BOUND('',#1318,.T.);
#1406=FACE_BOUND('',#1319,.T.);
#1407=FACE_BOUND('',#1320,.T.);
#1408=FACE_BOUND('',#1321,.T.);
#1409=FACE_BOUND('',#1322,.T.);
#1410=FACE_BOUND('',#1323,.T.);
#1411=FACE_BOUND('',#1324,.T.);
#1412=FACE_BOUND('',#1325,.T.);
#1413=FACE_BOUND('',#1326,.T.);
#1414=FACE_BOUND('',#1327,.T.);
#1415=FACE_BOUND('',#1328,.T.);
#1416=FACE_BOUND('',#1329,.T.);
#1417=FACE_BOUND('',#1330,.T.);
#1418=FACE_BOUND('',#1331,.T.);
#1419=PLANE('',#1574);
#1420=PLANE('',#1575);
#1421=PLANE('',#1576);
#1422=PLANE('',#1577);
#1423=PLANE('',#1578);
#1424=PLANE('',#1579);
#1425=PLANE('',#1580);
#1426=PLANE('',#1581);
#1427=PLANE('',#1582);
#1428=PLANE('',#1583);
#1429=PLANE('',#1592);
#1430=PLANE('',#1601);
#1431=PLANE('',#1602);
#1432=PLANE('',#1603);
#1433=PLANE('',#1604);
#1434=PLANE('',#1605);
#1435=PLANE('',#1606);
#1436=PLANE('',#1607);
#1437=PLANE('',#1608);
#1438=PLANE('',#1609);
#1439=PLANE('',#1610);
#1440=PLANE('',#1611);
#1441=PLANE('',#1612);
#1442=PLANE('',#1613);
#1443=PLANE('',#1614);
#1444=PLANE('',#1615);
#1445=PLANE('',#1617);
#1446=PLANE('',#1619);
#1447=PLANE('',#1620);
#1448=PLANE('',#1622);
#1449=PLANE('',#1623);
#1450=PLANE('',#1624);
#1451=PLANE('',#1626);
#1452=PLANE('',#1628);
#1453=PLANE('',#1630);
#1454=PLANE('',#1631);
#1455=PLANE('',#1632);
#1456=PLANE('',#1633);
#1457=PLANE('',#1634);
#1458=PLANE('',#1635);
#1459=PLANE('',#1636);
#1460=PLANE('',#1637);
#1461=PLANE('',#1638);
#1462=PLANE('',#1639);
#1463=PLANE('',#1640);
#1464=PLANE('',#1641);
#1465=PLANE('',#1642);
#1466=PLANE('',#1643);
#1467=PLANE('',#1644);
#1468=PLANE('',#1645);
#1469=PLANE('',#1647);
#1470=PLANE('',#1648);
#1471=PLANE('',#1649);
#1472=PLANE('',#1651);
#1473=PLANE('',#1652);
#1474=PLANE('',#1653);
#1475=PLANE('',#1654);
#1476=PLANE('',#1655);
#1477=PLANE('',#1656);
#1478=PLANE('',#1657);
#1479=PLANE('',#1658);
#1480=PLANE('',#1659);
#1481=PLANE('',#1660);
#1482=PLANE('',#1661);
#1483=PLANE('',#1662);
#1484=PLANE('',#1663);
#1485=PLANE('',#1664);
#1486=ADVANCED_FACE('',(#1332),#1419,.F.);
#1487=ADVANCED_FACE('',(#1333),#1420,.T.);
#1488=ADVANCED_FACE('',(#1334),#1421,.F.);
#1489=ADVANCED_FACE('',(#1335),#1422,.T.);
#1490=ADVANCED_FACE('',(#1336),#1423,.F.);
#1491=ADVANCED_FACE('',(#1337),#1424,.T.);
#1492=ADVANCED_FACE('',(#1338),#1425,.T.);
#1493=ADVANCED_FACE('',(#1339),#1426,.F.);
#1494=ADVANCED_FACE('',(#1340),#1427,.F.);
#1495=ADVANCED_FACE('',(#1341,#1342,#1343,#1344,#1345,#1346),#1428,.F.);
#1496=ADVANCED_FACE('',(#1347,#1348,#1349,#1350,#1351,#1352,#1353),#1429,
 .T.);
#1497=ADVANCED_FACE('',(#1354,#1355),#1430,.F.);
#1498=ADVANCED_FACE('',(#1356),#1431,.T.);
#1499=ADVANCED_FACE('',(#1357),#1432,.F.);
#1500=ADVANCED_FACE('',(#1358),#1433,.F.);
#1501=ADVANCED_FACE('',(#1359),#1434,.T.);
#1502=ADVANCED_FACE('',(#1360),#1435,.T.);
#1503=ADVANCED_FACE('',(#1361),#1436,.F.);
#1504=ADVANCED_FACE('',(#1362),#1437,.T.);
#1505=ADVANCED_FACE('',(#1363),#1438,.T.);
#1506=ADVANCED_FACE('',(#1364),#1439,.F.);
#1507=ADVANCED_FACE('',(#1365),#1440,.F.);
#1508=ADVANCED_FACE('',(#1366),#1441,.T.);
#1509=ADVANCED_FACE('',(#1367),#1442,.T.);
#1510=ADVANCED_FACE('',(#1368),#1443,.T.);
#1511=ADVANCED_FACE('',(#1369),#1444,.T.);
#1512=ADVANCED_FACE('',(#1370),#12,.F.);
#1513=ADVANCED_FACE('',(#1371),#1445,.T.);
#1514=ADVANCED_FACE('',(#1372),#13,.F.);
#1515=ADVANCED_FACE('',(#1373),#1446,.T.);
#1516=ADVANCED_FACE('',(#1374),#1447,.T.);
#1517=ADVANCED_FACE('',(#1375),#14,.F.);
#1518=ADVANCED_FACE('',(#1376),#1448,.T.);
#1519=ADVANCED_FACE('',(#1377),#1449,.T.);
#1520=ADVANCED_FACE('',(#1378),#1450,.T.);
#1521=ADVANCED_FACE('',(#1379),#15,.F.);
#1522=ADVANCED_FACE('',(#1380),#1451,.T.);
#1523=ADVANCED_FACE('',(#1381),#16,.F.);
#1524=ADVANCED_FACE('',(#1382),#1452,.F.);
#1525=ADVANCED_FACE('',(#1383),#17,.F.);
#1526=ADVANCED_FACE('',(#1384),#1453,.F.);
#1527=ADVANCED_FACE('',(#1385),#1454,.T.);
#1528=ADVANCED_FACE('',(#1386),#1455,.F.);
#1529=ADVANCED_FACE('',(#1387),#1456,.F.);
#1530=ADVANCED_FACE('',(#1388),#1457,.F.);
#1531=ADVANCED_FACE('',(#1389),#1458,.T.);
#1532=ADVANCED_FACE('',(#1390),#1459,.F.);
#1533=ADVANCED_FACE('',(#1391),#1460,.T.);
#1534=ADVANCED_FACE('',(#1392),#1461,.F.);
#1535=ADVANCED_FACE('',(#1393),#1462,.F.);
#1536=ADVANCED_FACE('',(#1394),#1463,.T.);
#1537=ADVANCED_FACE('',(#1395),#1464,.T.);
#1538=ADVANCED_FACE('',(#1396),#1465,.F.);
#1539=ADVANCED_FACE('',(#1397),#1466,.F.);
#1540=ADVANCED_FACE('',(#1398),#1467,.T.);
#1541=ADVANCED_FACE('',(#1399),#1468,.T.);
#1542=ADVANCED_FACE('',(#1400),#18,.F.);
#1543=ADVANCED_FACE('',(#1401),#1469,.T.);
#1544=ADVANCED_FACE('',(#1402),#1470,.T.);
#1545=ADVANCED_FACE('',(#1403),#1471,.T.);
#1546=ADVANCED_FACE('',(#1404),#19,.F.);
#1547=ADVANCED_FACE('',(#1405),#1472,.T.);
#1548=ADVANCED_FACE('',(#1406),#1473,.F.);
#1549=ADVANCED_FACE('',(#1407),#1474,.T.);
#1550=ADVANCED_FACE('',(#1408),#1475,.T.);
#1551=ADVANCED_FACE('',(#1409),#1476,.F.);
#1552=ADVANCED_FACE('',(#1410),#1477,.T.);
#1553=ADVANCED_FACE('',(#1411),#1478,.T.);
#1554=ADVANCED_FACE('',(#1412),#1479,.F.);
#1555=ADVANCED_FACE('',(#1413),#1480,.T.);
#1556=ADVANCED_FACE('',(#1414),#1481,.F.);
#1557=ADVANCED_FACE('',(#1415),#1482,.F.);
#1558=ADVANCED_FACE('',(#1416),#1483,.F.);
#1559=ADVANCED_FACE('',(#1417),#1484,.T.);
#1560=ADVANCED_FACE('',(#1418),#1485,.T.);
#1561=CLOSED_SHELL('',(#1486,#1487,#1488,#1489,#1490,#1491,#1492,#1493,
#1494,#1495,#1496,#1497,#1498,#1499,#1500,#1501,#1502,#1503,#1504,#1505,
#1506,#1507,#1508,#1509,#1510,#1511,#1512,#1513,#1514,#1515,#1516,#1517,
#1518,#1519,#1520,#1521,#1522,#1523,#1524,#1525,#1526,#1527,#1528,#1529,
#1530,#1531,#1532,#1533,#1534,#1535,#1536,#1537,#1538,#1539,#1540,#1541,
#1542,#1543,#1544,#1545,#1546,#1547,#1548,#1549,#1550,#1551,#1552,#1553,
#1554,#1555,#1556,#1557,#1558,#1559,#1560));
#1562=STYLED_ITEM('',(#1563),#1570);
#1563=PRESENTATION_STYLE_ASSIGNMENT((#1564));
#1564=SURFACE_STYLE_USAGE(.BOTH.,#1565);
#1565=SURFACE_SIDE_STYLE('',(#1566));
#1566=SURFACE_STYLE_FILL_AREA(#1567);
#1567=FILL_AREA_STYLE('',(#1568));
#1568=FILL_AREA_STYLE_COLOUR('',#1569);
#1569=COLOUR_RGB('',0.647058823529412,0.647058823529412,0.647058823529412);
#1570=MANIFOLD_SOLID_BREP('Part 1',#1561);
#1571=SHAPE_DEFINITION_REPRESENTATION(#2499,#1572);
#1572=SHAPE_REPRESENTATION('Part 1',(#1573),#2494);
#1573=AXIS2_PLACEMENT_3D('',#2052,#1665,#1666);
#1574=AXIS2_PLACEMENT_3D('',#2053,#1667,#1668);
#1575=AXIS2_PLACEMENT_3D('',#2072,#1678,#1679);
#1576=AXIS2_PLACEMENT_3D('',#2091,#1689,#1690);
#1577=AXIS2_PLACEMENT_3D('',#2102,#1697,#1698);
#1578=AXIS2_PLACEMENT_3D('',#2105,#1701,#1702);
#1579=AXIS2_PLACEMENT_3D('',#2126,#1713,#1714);
#1580=AXIS2_PLACEMENT_3D('',#2147,#1725,#1726);
#1581=AXIS2_PLACEMENT_3D('',#2152,#1731,#1732);
#1582=AXIS2_PLACEMENT_3D('',#2161,#1737,#1738);
#1583=AXIS2_PLACEMENT_3D('',#2170,#1743,#1744);
#1584=AXIS2_PLACEMENT_3D('',#2182,#1750,#1751);
#1585=AXIS2_PLACEMENT_3D('',#2186,#1753,#1754);
#1586=AXIS2_PLACEMENT_3D('',#2192,#1757,#1758);
#1587=AXIS2_PLACEMENT_3D('',#2200,#1762,#1763);
#1588=AXIS2_PLACEMENT_3D('',#2207,#1767,#1768);
#1589=AXIS2_PLACEMENT_3D('',#2211,#1770,#1771);
#1590=AXIS2_PLACEMENT_3D('',#2235,#1783,#1784);
#1591=AXIS2_PLACEMENT_3D('',#2243,#1788,#1789);
#1592=AXIS2_PLACEMENT_3D('',#2244,#1790,#1791);
#1593=AXIS2_PLACEMENT_3D('',#2250,#1795,#1796);
#1594=AXIS2_PLACEMENT_3D('',#2255,#1798,#1799);
#1595=AXIS2_PLACEMENT_3D('',#2262,#1803,#1804);
#1596=AXIS2_PLACEMENT_3D('',#2269,#1807,#1808);
#1597=AXIS2_PLACEMENT_3D('',#2273,#1810,#1811);
#1598=AXIS2_PLACEMENT_3D('',#2279,#1814,#1815);
#1599=AXIS2_PLACEMENT_3D('',#2286,#1819,#1820);
#1600=AXIS2_PLACEMENT_3D('',#2303,#1828,#1829);
#1601=AXIS2_PLACEMENT_3D('',#2323,#1840,#1841);
#1602=AXIS2_PLACEMENT_3D('',#2340,#1852,#1853);
#1603=AXIS2_PLACEMENT_3D('',#2344,#1856,#1857);
#1604=AXIS2_PLACEMENT_3D('',#2348,#1860,#1861);
#1605=AXIS2_PLACEMENT_3D('',#2350,#1863,#1864);
#1606=AXIS2_PLACEMENT_3D('',#2351,#1865,#1866);
#1607=AXIS2_PLACEMENT_3D('',#2355,#1869,#1870);
#1608=AXIS2_PLACEMENT_3D('',#2359,#1873,#1874);
#1609=AXIS2_PLACEMENT_3D('',#2361,#1876,#1877);
#1610=AXIS2_PLACEMENT_3D('',#2362,#1878,#1879);
#1611=AXIS2_PLACEMENT_3D('',#2366,#1882,#1883);
#1612=AXIS2_PLACEMENT_3D('',#2368,#1885,#1886);
#1613=AXIS2_PLACEMENT_3D('',#2379,#1894,#1895);
#1614=AXIS2_PLACEMENT_3D('',#2381,#1897,#1898);
#1615=AXIS2_PLACEMENT_3D('',#2382,#1899,#1900);
#1616=AXIS2_PLACEMENT_3D('',#2385,#1903,#1904);
#1617=AXIS2_PLACEMENT_3D('',#2387,#1906,#1907);
#1618=AXIS2_PLACEMENT_3D('',#2389,#1909,#1910);
#1619=AXIS2_PLACEMENT_3D('',#2391,#1912,#1913);
#1620=AXIS2_PLACEMENT_3D('',#2393,#1915,#1916);
#1621=AXIS2_PLACEMENT_3D('',#2395,#1918,#1919);
#1622=AXIS2_PLACEMENT_3D('',#2397,#1921,#1922);
#1623=AXIS2_PLACEMENT_3D('',#2399,#1924,#1925);
#1624=AXIS2_PLACEMENT_3D('',#2401,#1927,#1928);
#1625=AXIS2_PLACEMENT_3D('',#2403,#1930,#1931);
#1626=AXIS2_PLACEMENT_3D('',#2405,#1933,#1934);
#1627=AXIS2_PLACEMENT_3D('',#2406,#1935,#1936);
#1628=AXIS2_PLACEMENT_3D('',#2409,#1939,#1940);
#1629=AXIS2_PLACEMENT_3D('',#2411,#1942,#1943);
#1630=AXIS2_PLACEMENT_3D('',#2413,#1945,#1946);
#1631=AXIS2_PLACEMENT_3D('',#2415,#1948,#1949);
#1632=AXIS2_PLACEMENT_3D('',#2417,#1951,#1952);
#1633=AXIS2_PLACEMENT_3D('',#2419,#1954,#1955);
#1634=AXIS2_PLACEMENT_3D('',#2421,#1957,#1958);
#1635=AXIS2_PLACEMENT_3D('',#2423,#1960,#1961);
#1636=AXIS2_PLACEMENT_3D('',#2425,#1963,#1964);
#1637=AXIS2_PLACEMENT_3D('',#2426,#1965,#1966);
#1638=AXIS2_PLACEMENT_3D('',#2429,#1969,#1970);
#1639=AXIS2_PLACEMENT_3D('',#2431,#1972,#1973);
#1640=AXIS2_PLACEMENT_3D('',#2433,#1975,#1976);
#1641=AXIS2_PLACEMENT_3D('',#2434,#1977,#1978);
#1642=AXIS2_PLACEMENT_3D('',#2437,#1981,#1982);
#1643=AXIS2_PLACEMENT_3D('',#2439,#1984,#1985);
#1644=AXIS2_PLACEMENT_3D('',#2441,#1987,#1988);
#1645=AXIS2_PLACEMENT_3D('',#2442,#1989,#1990);
#1646=AXIS2_PLACEMENT_3D('',#2445,#1993,#1994);
#1647=AXIS2_PLACEMENT_3D('',#2447,#1996,#1997);
#1648=AXIS2_PLACEMENT_3D('',#2449,#1999,#2000);
#1649=AXIS2_PLACEMENT_3D('',#2451,#2002,#2003);
#1650=AXIS2_PLACEMENT_3D('',#2453,#2005,#2006);
#1651=AXIS2_PLACEMENT_3D('',#2454,#2007,#2008);
#1652=AXIS2_PLACEMENT_3D('',#2460,#2012,#2013);
#1653=AXIS2_PLACEMENT_3D('',#2466,#2017,#2018);
#1654=AXIS2_PLACEMENT_3D('',#2472,#2022,#2023);
#1655=AXIS2_PLACEMENT_3D('',#2474,#2025,#2026);
#1656=AXIS2_PLACEMENT_3D('',#2476,#2028,#2029);
#1657=AXIS2_PLACEMENT_3D('',#2477,#2030,#2031);
#1658=AXIS2_PLACEMENT_3D('',#2481,#2034,#2035);
#1659=AXIS2_PLACEMENT_3D('',#2485,#2038,#2039);
#1660=AXIS2_PLACEMENT_3D('',#2487,#2041,#2042);
#1661=AXIS2_PLACEMENT_3D('',#2488,#2043,#2044);
#1662=AXIS2_PLACEMENT_3D('',#2489,#2045,#2046);
#1663=AXIS2_PLACEMENT_3D('',#2490,#2047,#2048);
#1664=AXIS2_PLACEMENT_3D('',#2492,#2050,#2051);
#1665=DIRECTION('',(0.,0.,1.));
#1666=DIRECTION('',(1.,0.,0.));
#1667=DIRECTION('',(0.,1.,0.));
#1668=DIRECTION('',(0.,0.,1.));
#1669=DIRECTION('',(0.,0.,1.));
#1670=DIRECTION('',(-0.707106781186548,0.,0.707106781186548));
#1671=DIRECTION('',(1.,0.,0.));
#1672=DIRECTION('',(0.,0.,-1.));
#1673=DIRECTION('',(1.,0.,0.));
#1674=DIRECTION('',(0.,0.,-1.));
#1675=DIRECTION('',(1.,0.,0.));
#1676=DIRECTION('',(0.,0.,1.));
#1677=DIRECTION('',(-1.,0.,0.));
#1678=DIRECTION('',(0.,1.,0.));
#1679=DIRECTION('',(0.,0.,1.));
#1680=DIRECTION('',(1.,0.,0.));
#1681=DIRECTION('',(0.707106781186548,0.,-0.707106781186548));
#1682=DIRECTION('',(0.,0.,1.));
#1683=DIRECTION('',(-1.,0.,0.));
#1684=DIRECTION('',(0.,0.,1.));
#1685=DIRECTION('',(1.,0.,0.));
#1686=DIRECTION('',(0.,0.,-1.));
#1687=DIRECTION('',(1.,0.,0.));
#1688=DIRECTION('',(0.,0.,-1.));
#1689=DIRECTION('',(-1.,0.,0.));
#1690=DIRECTION('',(0.,0.,1.));
#1691=DIRECTION('',(0.,-1.,0.));
#1692=DIRECTION('',(0.,1.,0.));
#1693=DIRECTION('',(0.,0.,1.));
#1694=DIRECTION('',(0.,-1.,-1.23908819712629E-16));
#1695=DIRECTION('',(0.,0.,1.));
#1696=DIRECTION('',(0.,1.,0.));
#1697=DIRECTION('',(-1.,0.,0.));
#1698=DIRECTION('',(0.,0.,1.));
#1699=DIRECTION('',(0.,1.,0.));
#1700=DIRECTION('',(0.,1.,0.));
#1701=DIRECTION('',(0.,1.,0.));
#1702=DIRECTION('',(0.,0.,1.));
#1703=DIRECTION('',(0.,0.,1.));
#1704=DIRECTION('',(1.,0.,0.));
#1705=DIRECTION('',(0.,0.,-1.));
#1706=DIRECTION('',(1.,0.,0.));
#1707=DIRECTION('',(0.,0.,-1.));
#1708=DIRECTION('',(1.,0.,0.));
#1709=DIRECTION('',(0.,0.,-1.));
#1710=DIRECTION('',(1.,0.,0.));
#1711=DIRECTION('',(0.,0.,-1.));
#1712=DIRECTION('',(1.,0.,0.));
#1713=DIRECTION('',(0.,1.,0.));
#1714=DIRECTION('',(0.,0.,1.));
#1715=DIRECTION('',(1.,0.,0.));
#1716=DIRECTION('',(0.,0.,1.));
#1717=DIRECTION('',(1.,0.,0.));
#1718=DIRECTION('',(0.,0.,-1.));
#1719=DIRECTION('',(1.,0.,0.));
#1720=DIRECTION('',(0.,0.,-1.));
#1721=DIRECTION('',(1.,0.,0.));
#1722=DIRECTION('',(0.,0.,-1.));
#1723=DIRECTION('',(1.,0.,0.));
#1724=DIRECTION('',(0.,0.,-1.));
#1725=DIRECTION('',(0.,0.,1.));
#1726=DIRECTION('',(1.,0.,0.));
#1727=DIRECTION('',(0.,1.,0.));
#1728=DIRECTION('',(-1.98254111540206E-16,1.,0.));
#1729=DIRECTION('',(0.,1.,0.));
#1730=DIRECTION('',(0.,1.,0.));
#1731=DIRECTION('',(-1.,0.,0.));
#1732=DIRECTION('',(0.,0.,1.));
#1733=DIRECTION('',(0.,1.,0.));
#1734=DIRECTION('',(0.,0.,-1.));
#1735=DIRECTION('',(0.,1.,0.));
#1736=DIRECTION('',(0.,0.,-1.));
#1737=DIRECTION('',(0.,0.,1.));
#1738=DIRECTION('',(1.,0.,0.));
#1739=DIRECTION('',(0.,-1.,0.));
#1740=DIRECTION('',(1.,0.,0.));
#1741=DIRECTION('',(0.,-1.,0.));
#1742=DIRECTION('',(1.,0.,0.));
#1743=DIRECTION('',(-1.,-1.98254111540206E-16,0.));
#1744=DIRECTION('',(1.98254111540206E-16,-1.,0.));
#1745=DIRECTION('',(1.1747912624594E-31,-5.9256842308723E-16,-1.));
#1746=DIRECTION('',(-1.98254111540206E-16,1.,0.));
#1747=DIRECTION('',(0.,0.,-1.));
#1748=DIRECTION('',(-1.98254111540206E-16,1.,-1.33845763330997E-16));
#1749=DIRECTION('',(0.,0.,-1.));
#1750=DIRECTION('',(-1.,-1.98254111540206E-16,0.));
#1751=DIRECTION('',(1.98254111540206E-16,-1.,0.));
#1752=DIRECTION('',(1.98254111540206E-16,-1.,0.));
#1753=DIRECTION('',(-1.,-1.98254111540206E-16,0.));
#1754=DIRECTION('',(1.98254111540206E-16,-1.,0.));
#1755=DIRECTION('',(0.,0.,1.));
#1756=DIRECTION('',(1.98254111540206E-16,-1.,0.));
#1757=DIRECTION('',(-1.,-1.98254111540206E-16,0.));
#1758=DIRECTION('',(1.98254111540206E-16,-1.,0.));
#1759=DIRECTION('',(0.,0.,1.));
#1760=DIRECTION('',(-1.98254111540206E-16,1.,0.));
#1761=DIRECTION('',(0.,0.,-1.));
#1762=DIRECTION('',(-1.,-1.98254111540206E-16,0.));
#1763=DIRECTION('',(1.98254111540206E-16,-1.,0.));
#1764=DIRECTION('',(1.98254111540206E-16,-1.,0.));
#1765=DIRECTION('',(-1.98254111540206E-16,1.,0.));
#1766=DIRECTION('',(0.,0.,1.));
#1767=DIRECTION('',(-1.,-1.98254111540206E-16,0.));
#1768=DIRECTION('',(1.98254111540206E-16,-1.,0.));
#1769=DIRECTION('',(-1.98254111540206E-16,1.,0.));
#1770=DIRECTION('',(-1.,-1.98254111540206E-16,0.));
#1771=DIRECTION('',(1.98254111540206E-16,-1.,0.));
#1772=DIRECTION('',(0.,0.,-1.));
#1773=DIRECTION('',(-1.98254111540206E-16,1.,0.));
#1774=DIRECTION('',(0.,0.,-1.));
#1775=DIRECTION('',(1.98254111540206E-16,-1.,-8.57076816194075E-17));
#1776=DIRECTION('',(0.,0.,1.));
#1777=DIRECTION('',(-1.98254111540206E-16,1.,0.));
#1778=DIRECTION('',(1.17697400536989E-31,-5.93669405504964E-16,-1.));
#1779=DIRECTION('',(-1.98254111540206E-16,1.,0.));
#1780=DIRECTION('',(0.,0.,-1.));
#1781=DIRECTION('',(-1.98254111540206E-16,1.,0.));
#1782=DIRECTION('',(-1.98254111540206E-16,1.,0.));
#1783=DIRECTION('',(-1.,-1.98254111540206E-16,0.));
#1784=DIRECTION('',(1.98254111540206E-16,-1.,0.));
#1785=DIRECTION('',(0.,0.,-1.));
#1786=DIRECTION('',(1.98254111540206E-16,-1.,0.));
#1787=DIRECTION('',(0.,0.,1.));
#1788=DIRECTION('',(-1.,-1.98254111540206E-16,0.));
#1789=DIRECTION('',(1.98254111540206E-16,-1.,0.));
#1790=DIRECTION('',(-1.,0.,0.));
#1791=DIRECTION('',(0.,0.,1.));
#1792=DIRECTION('',(0.,-1.,0.));
#1793=DIRECTION('',(0.,0.,-1.));
#1794=DIRECTION('',(0.,0.,-1.));
#1795=DIRECTION('',(-1.,0.,0.));
#1796=DIRECTION('',(-9.25185853854297E-14,0.,-1.));
#1797=DIRECTION('',(0.,1.,0.));
#1798=DIRECTION('',(-1.,0.,0.));
#1799=DIRECTION('',(-9.25185853854292E-14,1.,0.));
#1800=DIRECTION('',(0.,0.,1.));
#1801=DIRECTION('',(0.,-1.,0.));
#1802=DIRECTION('',(0.,0.,-1.));
#1803=DIRECTION('',(-1.,0.,0.));
#1804=DIRECTION('',(-9.25185853854292E-14,0.,1.));
#1805=DIRECTION('',(0.,-1.,0.));
#1806=DIRECTION('',(0.,0.,1.));
#1807=DIRECTION('',(-1.,0.,0.));
#1808=DIRECTION('',(-9.2518585385426E-14,2.31296463463565E-14,1.));
#1809=DIRECTION('',(0.,-1.,0.));
#1810=DIRECTION('',(-1.,0.,0.));
#1811=DIRECTION('',(-9.25185853854271E-14,-1.,0.));
#1812=DIRECTION('',(0.,0.,-1.));
#1813=DIRECTION('',(0.,-1.,0.));
#1814=DIRECTION('',(-1.,0.,0.));
#1815=DIRECTION('',(-9.25185853854292E-14,-1.,0.));
#1816=DIRECTION('',(0.,0.,-1.));
#1817=DIRECTION('',(0.,1.,0.));
#1818=DIRECTION('',(0.,0.,1.));
#1819=DIRECTION('',(-1.,0.,0.));
#1820=DIRECTION('',(-1.38777878078145E-13,-1.,0.));
#1821=DIRECTION('',(0.,0.,1.));
#1822=DIRECTION('',(0.,1.,0.));
#1823=DIRECTION('',(0.,0.,1.));
#1824=DIRECTION('',(0.,-1.,-8.57076816194074E-17));
#1825=DIRECTION('',(0.,0.,-1.));
#1826=DIRECTION('',(0.,1.,0.));
#1827=DIRECTION('',(0.,0.,-1.));
#1828=DIRECTION('',(-1.,0.,0.));
#1829=DIRECTION('',(-1.38777878078138E-13,0.,1.));
#1830=DIRECTION('',(0.,1.,0.));
#1831=DIRECTION('',(0.,1.,0.));
#1832=DIRECTION('',(0.,1.,0.));
#1833=DIRECTION('',(0.,-5.93669405504964E-16,-1.));
#1834=DIRECTION('',(0.,1.,0.));
#1835=DIRECTION('',(0.,0.,-1.));
#1836=DIRECTION('',(0.,1.,0.));
#1837=DIRECTION('',(0.,-5.9256842308723E-16,-1.));
#1838=DIRECTION('',(0.,1.,-1.33845763330997E-16));
#1839=DIRECTION('',(0.,0.,-1.));
#1840=DIRECTION('',(0.,0.,1.));
#1841=DIRECTION('',(1.,0.,0.));
#1842=DIRECTION('',(0.,-1.,0.));
#1843=DIRECTION('',(0.,1.,0.));
#1844=DIRECTION('',(1.,0.,0.));
#1845=DIRECTION('',(0.,1.,0.));
#1846=DIRECTION('',(0.,1.,0.));
#1847=DIRECTION('',(1.,0.,0.));
#1848=DIRECTION('',(0.,1.,0.));
#1849=DIRECTION('',(0.,1.,0.));
#1850=DIRECTION('',(1.,0.,0.));
#1851=DIRECTION('',(1.,0.,0.));
#1852=DIRECTION('',(-1.,0.,0.));
#1853=DIRECTION('',(0.,0.,1.));
#1854=DIRECTION('',(0.,0.,-1.));
#1855=DIRECTION('',(0.,1.,0.));
#1856=DIRECTION('',(0.,1.,0.));
#1857=DIRECTION('',(0.,0.,1.));
#1858=DIRECTION('',(0.,0.,-1.));
#1859=DIRECTION('',(1.,0.,0.));
#1860=DIRECTION('',(-1.,0.,0.));
#1861=DIRECTION('',(0.,0.,1.));
#1862=DIRECTION('',(0.,1.,0.));
#1863=DIRECTION('',(0.,0.,1.));
#1864=DIRECTION('',(1.,0.,0.));
#1865=DIRECTION('',(-1.,0.,0.));
#1866=DIRECTION('',(0.,0.,1.));
#1867=DIRECTION('',(0.,1.,0.));
#1868=DIRECTION('',(0.,0.,-1.));
#1869=DIRECTION('',(-1.,0.,0.));
#1870=DIRECTION('',(0.,0.,1.));
#1871=DIRECTION('',(0.,0.,-1.));
#1872=DIRECTION('',(0.,1.,0.));
#1873=DIRECTION('',(0.,1.,0.));
#1874=DIRECTION('',(0.,0.,1.));
#1875=DIRECTION('',(1.,0.,0.));
#1876=DIRECTION('',(0.,0.,1.));
#1877=DIRECTION('',(1.,0.,0.));
#1878=DIRECTION('',(0.,1.,0.));
#1879=DIRECTION('',(0.,0.,1.));
#1880=DIRECTION('',(0.,0.,-1.));
#1881=DIRECTION('',(1.,0.,0.));
#1882=DIRECTION('',(-1.,0.,0.));
#1883=DIRECTION('',(0.,0.,1.));
#1884=DIRECTION('',(0.,1.,0.));
#1885=DIRECTION('',(0.,0.,1.));
#1886=DIRECTION('',(1.,0.,0.));
#1887=DIRECTION('',(1.,0.,0.));
#1888=DIRECTION('',(0.,1.,0.));
#1889=DIRECTION('',(1.,0.,0.));
#1890=DIRECTION('',(0.,-1.,0.));
#1891=DIRECTION('',(0.,-1.,0.));
#1892=DIRECTION('',(1.,0.,0.));
#1893=DIRECTION('',(0.,-1.,0.));
#1894=DIRECTION('',(1.,0.,0.));
#1895=DIRECTION('',(0.,0.,-1.));
#1896=DIRECTION('',(0.,0.,-1.));
#1897=DIRECTION('',(0.,1.,0.));
#1898=DIRECTION('',(0.,0.,1.));
#1899=DIRECTION('',(0.,1.,0.));
#1900=DIRECTION('',(0.,0.,1.));
#1901=DIRECTION('',(-1.,0.,0.));
#1902=DIRECTION('',(-1.,0.,0.));
#1903=DIRECTION('',(-1.,0.,0.));
#1904=DIRECTION('',(0.,0.,1.));
#1905=DIRECTION('',(-1.,0.,0.));
#1906=DIRECTION('',(0.,0.,-1.));
#1907=DIRECTION('',(-1.,0.,0.));
#1908=DIRECTION('',(-1.,0.,0.));
#1909=DIRECTION('',(-1.,0.,0.));
#1910=DIRECTION('',(0.,0.,1.));
#1911=DIRECTION('',(-1.,0.,0.));
#1912=DIRECTION('',(0.,-1.,0.));
#1913=DIRECTION('',(0.,0.,-1.));
#1914=DIRECTION('',(-1.,0.,0.));
#1915=DIRECTION('',(0.,0.,-1.));
#1916=DIRECTION('',(-1.,0.,0.));
#1917=DIRECTION('',(-1.,0.,0.));
#1918=DIRECTION('',(-1.,0.,0.));
#1919=DIRECTION('',(0.,0.,1.));
#1920=DIRECTION('',(-1.,0.,0.));
#1921=DIRECTION('',(0.,-1.,0.));
#1922=DIRECTION('',(0.,0.,-1.));
#1923=DIRECTION('',(-1.,0.,0.));
#1924=DIRECTION('',(0.,0.,1.));
#1925=DIRECTION('',(1.,0.,0.));
#1926=DIRECTION('',(-1.,0.,0.));
#1927=DIRECTION('',(0.,1.,0.));
#1928=DIRECTION('',(0.,0.,1.));
#1929=DIRECTION('',(-1.,0.,0.));
#1930=DIRECTION('',(-1.,0.,0.));
#1931=DIRECTION('',(0.,0.,1.));
#1932=DIRECTION('',(-1.,0.,0.));
#1933=DIRECTION('',(0.,0.,-1.));
#1934=DIRECTION('',(-1.,0.,0.));
#1935=DIRECTION('',(-1.,0.,0.));
#1936=DIRECTION('',(0.,0.,1.));
#1937=DIRECTION('',(-1.,0.,0.));
#1938=DIRECTION('',(-1.,0.,0.));
#1939=DIRECTION('',(0.,0.,1.));
#1940=DIRECTION('',(1.,0.,0.));
#1941=DIRECTION('',(-1.,0.,0.));
#1942=DIRECTION('',(-1.,0.,0.));
#1943=DIRECTION('',(0.,0.,1.));
#1944=DIRECTION('',(-1.,0.,0.));
#1945=DIRECTION('',(0.,1.,0.));
#1946=DIRECTION('',(0.,0.,1.));
#1947=DIRECTION('',(-1.,0.,0.));
#1948=DIRECTION('',(0.,0.,1.));
#1949=DIRECTION('',(1.,0.,0.));
#1950=DIRECTION('',(-1.,0.,0.));
#1951=DIRECTION('',(0.,1.,0.));
#1952=DIRECTION('',(0.,0.,1.));
#1953=DIRECTION('',(-1.,0.,0.));
#1954=DIRECTION('',(0.,8.57076816194074E-17,-1.));
#1955=DIRECTION('',(0.,1.,8.57076816194075E-17));
#1956=DIRECTION('',(-1.,0.,0.));
#1957=DIRECTION('',(0.,-1.,0.));
#1958=DIRECTION('',(0.,0.,-1.));
#1959=DIRECTION('',(-1.,0.,0.));
#1960=DIRECTION('',(0.,0.,1.));
#1961=DIRECTION('',(1.,0.,0.));
#1962=DIRECTION('',(-1.,0.,0.));
#1963=DIRECTION('',(0.,-1.,0.));
#1964=DIRECTION('',(0.,0.,-1.));
#1965=DIRECTION('',(0.,1.,-5.93669405504964E-16));
#1966=DIRECTION('',(0.,5.93669405504964E-16,1.));
#1967=DIRECTION('',(-1.,0.,0.));
#1968=DIRECTION('',(-1.,0.,0.));
#1969=DIRECTION('',(0.,0.,1.));
#1970=DIRECTION('',(1.,0.,0.));
#1971=DIRECTION('',(-1.,0.,0.));
#1972=DIRECTION('',(0.,1.,0.));
#1973=DIRECTION('',(0.,0.,1.));
#1974=DIRECTION('',(-1.,0.,0.));
#1975=DIRECTION('',(0.,0.,1.));
#1976=DIRECTION('',(1.,0.,0.));
#1977=DIRECTION('',(0.,1.,-5.9256842308723E-16));
#1978=DIRECTION('',(0.,5.9256842308723E-16,1.));
#1979=DIRECTION('',(-1.,0.,0.));
#1980=DIRECTION('',(-1.,0.,0.));
#1981=DIRECTION('',(0.,0.,1.));
#1982=DIRECTION('',(1.,0.,0.));
#1983=DIRECTION('',(-1.,0.,0.));
#1984=DIRECTION('',(0.,1.,0.));
#1985=DIRECTION('',(0.,0.,1.));
#1986=DIRECTION('',(-1.,0.,0.));
#1987=DIRECTION('',(0.,1.33845763330997E-16,1.));
#1988=DIRECTION('',(0.,-1.,1.33845763330997E-16));
#1989=DIRECTION('',(0.,0.,1.));
#1990=DIRECTION('',(1.,0.,0.));
#1991=DIRECTION('',(-1.,0.,0.));
#1992=DIRECTION('',(-1.,0.,0.));
#1993=DIRECTION('',(-1.,0.,0.));
#1994=DIRECTION('',(0.,0.,1.));
#1995=DIRECTION('',(-1.,0.,0.));
#1996=DIRECTION('',(0.,1.,0.));
#1997=DIRECTION('',(0.,0.,1.));
#1998=DIRECTION('',(-1.,0.,0.));
#1999=DIRECTION('',(0.,0.,-1.));
#2000=DIRECTION('',(-1.,0.,0.));
#2001=DIRECTION('',(-1.,0.,0.));
#2002=DIRECTION('',(0.,-1.,0.));
#2003=DIRECTION('',(0.,0.,-1.));
#2004=DIRECTION('',(-1.,0.,0.));
#2005=DIRECTION('',(-1.,0.,0.));
#2006=DIRECTION('',(0.,0.,1.));
#2007=DIRECTION('',(0.,0.,1.));
#2008=DIRECTION('',(1.,0.,0.));
#2009=DIRECTION('',(1.,0.,0.));
#2010=DIRECTION('',(0.,-1.,0.));
#2011=DIRECTION('',(1.,0.,0.));
#2012=DIRECTION('',(0.,-1.,0.));
#2013=DIRECTION('',(0.,0.,-1.));
#2014=DIRECTION('',(0.,0.,1.));
#2015=DIRECTION('',(1.,0.,0.));
#2016=DIRECTION('',(0.,0.,-1.));
#2017=DIRECTION('',(0.,-1.,0.));
#2018=DIRECTION('',(0.,0.,-1.));
#2019=DIRECTION('',(0.,0.,-1.));
#2020=DIRECTION('',(1.,0.,0.));
#2021=DIRECTION('',(0.,0.,1.));
#2022=DIRECTION('',(-1.,0.,0.));
#2023=DIRECTION('',(0.,-1.,0.));
#2024=DIRECTION('',(0.,-1.,0.));
#2025=DIRECTION('',(-1.,0.,0.));
#2026=DIRECTION('',(0.,0.,1.));
#2027=DIRECTION('',(0.,-1.,0.));
#2028=DIRECTION('',(0.,0.,-1.));
#2029=DIRECTION('',(1.,0.,0.));
#2030=DIRECTION('',(0.,1.,0.));
#2031=DIRECTION('',(0.,0.,1.));
#2032=DIRECTION('',(0.,0.,1.));
#2033=DIRECTION('',(0.447213595499958,0.,0.894427190999916));
#2034=DIRECTION('',(0.,1.,0.));
#2035=DIRECTION('',(0.,0.,1.));
#2036=DIRECTION('',(-0.447213595499958,0.,-0.894427190999916));
#2037=DIRECTION('',(0.,0.,1.));
#2038=DIRECTION('',(1.,0.,0.));
#2039=DIRECTION('',(0.,1.,0.));
#2040=DIRECTION('',(0.,-1.,-1.23908819712629E-16));
#2041=DIRECTION('',(-0.894427190999916,-5.54137087778409E-17,0.447213595499958));
#2042=DIRECTION('',(0.,-1.,-1.23908819712629E-16));
#2043=DIRECTION('',(1.,0.,0.));
#2044=DIRECTION('',(0.,0.,-1.));
#2045=DIRECTION('',(1.,0.,0.));
#2046=DIRECTION('',(0.,0.,-1.));
#2047=DIRECTION('',(0.,0.,1.));
#2048=DIRECTION('',(1.,0.,0.));
#2049=DIRECTION('',(0.,1.,0.));
#2050=DIRECTION('',(0.707106781186548,0.,0.707106781186548));
#2051=DIRECTION('',(0.,-1.,0.));
#2052=CARTESIAN_POINT('',(0.,0.,0.));
#2053=CARTESIAN_POINT('',(0.05,0.,0.025));
#2054=CARTESIAN_POINT('',(0.005,0.,0.001998));
#2055=CARTESIAN_POINT('',(0.005,0.,0.002));
#2056=CARTESIAN_POINT('',(0.005,0.,0.006));
#2057=CARTESIAN_POINT('',(0.001,0.,0.01));
#2058=CARTESIAN_POINT('',(0.001,0.,0.01));
#2059=CARTESIAN_POINT('',(0.05,0.,0.01));
#2060=CARTESIAN_POINT('',(0.,0.,0.01));
#2061=CARTESIAN_POINT('',(0.,0.,0.025));
#2062=CARTESIAN_POINT('',(0.,0.,0.));
#2063=CARTESIAN_POINT('',(0.05,0.,0.));
#2064=CARTESIAN_POINT('',(0.1,0.,0.));
#2065=CARTESIAN_POINT('',(0.1,0.,0.025));
#2066=CARTESIAN_POINT('',(0.1,0.,0.025));
#2067=CARTESIAN_POINT('',(0.05,0.,0.025));
#2068=CARTESIAN_POINT('',(0.0065,0.,0.025));
#2069=CARTESIAN_POINT('',(0.0065,0.,0.001998));
#2070=CARTESIAN_POINT('',(0.0065,0.,0.002));
#2071=CARTESIAN_POINT('',(0.05,0.,0.002));
#2072=CARTESIAN_POINT('',(0.05,0.07,0.025));
#2073=CARTESIAN_POINT('',(0.05,0.07,0.01));
#2074=CARTESIAN_POINT('',(-1.38777878078145E-17,0.07,0.01));
#2075=CARTESIAN_POINT('',(0.001,0.07,0.01));
#2076=CARTESIAN_POINT('',(0.018,0.07,-0.007));
#2077=CARTESIAN_POINT('',(0.005,0.07,0.006));
#2078=CARTESIAN_POINT('',(0.005,0.07,0.001998));
#2079=CARTESIAN_POINT('',(0.005,0.07,0.002));
#2080=CARTESIAN_POINT('',(0.05,0.07,0.002));
#2081=CARTESIAN_POINT('',(0.0065,0.07,0.002));
#2082=CARTESIAN_POINT('',(0.0065,0.07,0.001998));
#2083=CARTESIAN_POINT('',(0.0065,0.07,0.025));
#2084=CARTESIAN_POINT('',(0.05,0.07,0.025));
#2085=CARTESIAN_POINT('',(0.1,0.07,0.025));
#2086=CARTESIAN_POINT('',(0.1,0.07,0.025));
#2087=CARTESIAN_POINT('',(0.1,0.07,0.));
#2088=CARTESIAN_POINT('',(0.05,0.07,0.));
#2089=CARTESIAN_POINT('',(-1.38777878078145E-17,0.07,0.));
#2090=CARTESIAN_POINT('',(-1.38777878078145E-17,0.07,0.025));
#2091=CARTESIAN_POINT('',(0.005,0.00982815358787775,0.025));
#2092=CARTESIAN_POINT('',(0.005,0.,0.006));
#2093=CARTESIAN_POINT('',(0.005,0.00982815358787775,0.002));
#2094=CARTESIAN_POINT('',(0.005,0.00717593482434381,0.002));
#2095=CARTESIAN_POINT('',(0.005,0.00717593482434381,0.0041));
#2096=CARTESIAN_POINT('',(0.005,0.00717593482434381,0.0046));
#2097=CARTESIAN_POINT('',(0.005,0.0351759348243438,0.0046));
#2098=CARTESIAN_POINT('',(0.005,0.0631759348243438,0.0046));
#2099=CARTESIAN_POINT('',(0.005,0.0631759348243438,0.0041));
#2100=CARTESIAN_POINT('',(0.005,0.0631759348243438,0.002));
#2101=CARTESIAN_POINT('',(0.005,0.0602866516262293,0.002));
#2102=CARTESIAN_POINT('',(0.,0.035,0.025));
#2103=CARTESIAN_POINT('',(0.,0.035,0.01));
#2104=CARTESIAN_POINT('',(0.,0.035,0.));
#2105=CARTESIAN_POINT('',(0.00849645311012864,0.065,0.025));
#2106=CARTESIAN_POINT('',(0.0065,0.065,0.001998));
#2107=CARTESIAN_POINT('',(0.0065,0.065,0.002));
#2108=CARTESIAN_POINT('',(0.0065,0.065,0.025));
#2109=CARTESIAN_POINT('',(0.00849645311012864,0.065,0.002));
#2110=CARTESIAN_POINT('',(0.0119929062202573,0.065,0.002));
#2111=CARTESIAN_POINT('',(0.0119929062202573,0.065,0.002));
#2112=CARTESIAN_POINT('',(0.0119929062202573,0.065,0.));
#2113=CARTESIAN_POINT('',(0.00849645311012864,0.065,0.));
#2114=CARTESIAN_POINT('',(0.0639260187745094,0.065,0.));
#2115=CARTESIAN_POINT('',(0.0639260187745094,0.065,0.002));
#2116=CARTESIAN_POINT('',(0.0639260187745094,0.065,0.002));
#2117=CARTESIAN_POINT('',(0.0660505518317223,0.065,0.002));
#2118=CARTESIAN_POINT('',(0.0681750848889351,0.065,0.002));
#2119=CARTESIAN_POINT('',(0.0681750848889351,0.065,0.002));
#2120=CARTESIAN_POINT('',(0.0681750848889351,0.065,0.));
#2121=CARTESIAN_POINT('',(0.00849645311012864,0.065,0.));
#2122=CARTESIAN_POINT('',(0.095,0.065,0.));
#2123=CARTESIAN_POINT('',(0.095,0.065,0.025));
#2124=CARTESIAN_POINT('',(0.095,0.065,0.025));
#2125=CARTESIAN_POINT('',(0.00849645311012864,0.065,0.025));
#2126=CARTESIAN_POINT('',(0.0815875424444676,0.005,0.025));
#2127=CARTESIAN_POINT('',(0.00849645311012864,0.005,0.002));
#2128=CARTESIAN_POINT('',(0.0065,0.005,0.002));
#2129=CARTESIAN_POINT('',(0.0119929062202573,0.005,0.002));
#2130=CARTESIAN_POINT('',(0.0065,0.005,0.001998));
#2131=CARTESIAN_POINT('',(0.0065,0.005,0.025));
#2132=CARTESIAN_POINT('',(0.0815875424444676,0.005,0.025));
#2133=CARTESIAN_POINT('',(0.095,0.005,0.025));
#2134=CARTESIAN_POINT('',(0.095,0.005,0.025));
#2135=CARTESIAN_POINT('',(0.095,0.005,0.));
#2136=CARTESIAN_POINT('',(0.0815875424444676,0.005,0.));
#2137=CARTESIAN_POINT('',(0.0681750848889351,0.005,0.));
#2138=CARTESIAN_POINT('',(0.0681750848889351,0.005,0.002));
#2139=CARTESIAN_POINT('',(0.0681750848889351,0.005,0.002));
#2140=CARTESIAN_POINT('',(0.0661292374134064,0.005,0.002));
#2141=CARTESIAN_POINT('',(0.0640833899378777,0.005,0.002));
#2142=CARTESIAN_POINT('',(0.0640833899378777,0.005,0.002));
#2143=CARTESIAN_POINT('',(0.0640833899378777,0.005,0.));
#2144=CARTESIAN_POINT('',(0.0815875424444676,0.005,0.));
#2145=CARTESIAN_POINT('',(0.0119929062202573,0.005,0.));
#2146=CARTESIAN_POINT('',(0.0119929062202573,0.005,0.002));
#2147=CARTESIAN_POINT('',(0.05,0.035,0.025));
#2148=CARTESIAN_POINT('',(0.0065,0.0025,0.025));
#2149=CARTESIAN_POINT('',(0.1,0.035,0.025));
#2150=CARTESIAN_POINT('',(0.0065,0.0675,0.025));
#2151=CARTESIAN_POINT('',(0.095,0.035,0.025));
#2152=CARTESIAN_POINT('',(0.005,0.00982815358787775,0.025));
#2153=CARTESIAN_POINT('',(0.005,0.00982815358787775,0.002));
#2154=CARTESIAN_POINT('',(0.005,0.0146563071757555,0.002));
#2155=CARTESIAN_POINT('',(0.005,0.0555733032524586,0.002));
#2156=CARTESIAN_POINT('',(0.005,0.0146563071757555,0.002));
#2157=CARTESIAN_POINT('',(0.005,0.0146563071757555,0.));
#2158=CARTESIAN_POINT('',(0.005,0.00982815358787775,0.));
#2159=CARTESIAN_POINT('',(0.005,0.0555733032524586,0.));
#2160=CARTESIAN_POINT('',(0.005,0.0555733032524586,0.002));
#2161=CARTESIAN_POINT('',(0.0923076,0.0339719650175535,0.0199470640204796));
#2162=CARTESIAN_POINT('',(0.0936538,0.0339719650175535,0.0199470640204796));
#2163=CARTESIAN_POINT('',(0.0936538,0.0404039043130806,0.0199470640204796));
#2164=CARTESIAN_POINT('',(0.0936538,0.0275400257220265,0.0199470640204796));
#2165=CARTESIAN_POINT('',(0.0923076,0.0404039043130806,0.0199470640204796));
#2166=CARTESIAN_POINT('',(0.095,0.0404039043130806,0.0199470640204796));
#2167=CARTESIAN_POINT('',(0.095,0.0339719650175535,0.0199470640204796));
#2168=CARTESIAN_POINT('',(0.095,0.0275400257220265,0.0199470640204796));
#2169=CARTESIAN_POINT('',(0.0923076,0.0275400257220265,0.0199470640204796));
#2170=CARTESIAN_POINT('',(0.1,0.035,0.025));
#2171=CARTESIAN_POINT('',(0.1,0.00974890000627415,0.025));
#2172=CARTESIAN_POINT('',(0.1,0.00974890000627414,0.0107217583810234));
#2173=CARTESIAN_POINT('',(0.1,0.00974890000627414,0.00486682785016913));
#2174=CARTESIAN_POINT('',(0.1,0.035,0.0107217583810234));
#2175=CARTESIAN_POINT('',(0.1,0.0227095155147896,0.0107217583810234));
#2176=CARTESIAN_POINT('',(0.1,0.0227095155147896,0.025));
#2177=CARTESIAN_POINT('',(0.1,0.0227095155147896,0.00486682785016913));
#2178=CARTESIAN_POINT('',(0.1,0.035,0.00486682785016913));
#2179=CARTESIAN_POINT('',(0.1,0.0286259348243438,0.025));
#2180=CARTESIAN_POINT('',(0.1,0.0286259348243438,0.0195));
#2181=CARTESIAN_POINT('',(0.1,0.0286259348243438,0.0188));
#2182=CARTESIAN_POINT('',(0.1,0.0289259348243438,0.0195));
#2183=CARTESIAN_POINT('',(0.1,0.0289259348243438,0.0198));
#2184=CARTESIAN_POINT('',(0.1,0.035,0.0198));
#2185=CARTESIAN_POINT('',(0.1,0.0394259348243438,0.0198));
#2186=CARTESIAN_POINT('',(0.1,0.0394259348243438,0.0195));
#2187=CARTESIAN_POINT('',(0.1,0.0397259348243438,0.0195));
#2188=CARTESIAN_POINT('',(0.1,0.0397259348243438,0.025));
#2189=CARTESIAN_POINT('',(0.1,0.0397259348243438,0.0188));
#2190=CARTESIAN_POINT('',(0.1,0.035,0.0188));
#2191=CARTESIAN_POINT('',(0.1,0.0401259348243438,0.0188));
#2192=CARTESIAN_POINT('',(0.1,0.0401259348243438,0.0185));
#2193=CARTESIAN_POINT('',(0.1,0.0404259348243438,0.0185));
#2194=CARTESIAN_POINT('',(0.1,0.0404259348243438,0.025));
#2195=CARTESIAN_POINT('',(0.1,0.0404259348243438,0.01308));
#2196=CARTESIAN_POINT('',(0.1,0.035,0.01308));
#2197=CARTESIAN_POINT('',(0.1,0.0279259348243438,0.01308));
#2198=CARTESIAN_POINT('',(0.1,0.0279259348243438,0.025));
#2199=CARTESIAN_POINT('',(0.1,0.0279259348243438,0.0185));
#2200=CARTESIAN_POINT('',(0.1,0.0282259348243438,0.0185));
#2201=CARTESIAN_POINT('',(0.1,0.0282259348243438,0.0188));
#2202=CARTESIAN_POINT('',(0.1,0.035,0.0188));
#2203=CARTESIAN_POINT('',(0.1,0.035,0.));
#2204=CARTESIAN_POINT('',(0.1,0.0449759348243438,0.025));
#2205=CARTESIAN_POINT('',(0.1,0.0449759348243438,0.0038));
#2206=CARTESIAN_POINT('',(0.1,0.0449759348243438,0.0169));
#2207=CARTESIAN_POINT('',(0.1,0.0451759348243438,0.0169));
#2208=CARTESIAN_POINT('',(0.1,0.0451759348243438,0.0171));
#2209=CARTESIAN_POINT('',(0.1,0.035,0.0171));
#2210=CARTESIAN_POINT('',(0.1,0.0606759348243438,0.0171));
#2211=CARTESIAN_POINT('',(0.1,0.0606759348243438,0.0169));
#2212=CARTESIAN_POINT('',(0.1,0.0608759348243438,0.0169));
#2213=CARTESIAN_POINT('',(0.1,0.0608759348243438,0.025));
#2214=CARTESIAN_POINT('',(0.1,0.0608759348243438,0.0038));
#2215=CARTESIAN_POINT('',(0.1,0.035,0.0038));
#2216=CARTESIAN_POINT('',(0.1,0.0553559348243438,0.0038));
#2217=CARTESIAN_POINT('',(0.1,0.0553559348243438,0.025));
#2218=CARTESIAN_POINT('',(0.1,0.0553559348243438,0.0036));
#2219=CARTESIAN_POINT('',(0.1,0.035,0.0036));
#2220=CARTESIAN_POINT('',(0.1,0.0502959348243438,0.0036));
#2221=CARTESIAN_POINT('',(0.1,0.0502959348243438,0.025));
#2222=CARTESIAN_POINT('',(0.1,0.0502959348243438,0.0038));
#2223=CARTESIAN_POINT('',(0.1,0.035,0.0038));
#2224=CARTESIAN_POINT('',(0.1,0.00974890000627415,0.025));
#2225=CARTESIAN_POINT('',(0.1,0.00974890000627414,0.0189212019008037));
#2226=CARTESIAN_POINT('',(0.1,0.00974890000627414,0.0130771295605715));
#2227=CARTESIAN_POINT('',(0.1,0.035,0.0189212019008037));
#2228=CARTESIAN_POINT('',(0.1,0.0227095155147896,0.0189212019008037));
#2229=CARTESIAN_POINT('',(0.1,0.0227095155147896,0.025));
#2230=CARTESIAN_POINT('',(0.1,0.0227095155147896,0.0130771295605715));
#2231=CARTESIAN_POINT('',(0.1,0.035,0.0130771295605715));
#2232=CARTESIAN_POINT('',(0.1,0.035,0.00518));
#2233=CARTESIAN_POINT('',(0.1,0.0282259348243438,0.00518));
#2234=CARTESIAN_POINT('',(0.1,0.0401259348243438,0.00518));
#2235=CARTESIAN_POINT('',(0.1,0.0282259348243438,0.00548));
#2236=CARTESIAN_POINT('',(0.1,0.0279259348243438,0.00548));
#2237=CARTESIAN_POINT('',(0.1,0.0279259348243438,0.025));
#2238=CARTESIAN_POINT('',(0.1,0.0279259348243438,0.0109));
#2239=CARTESIAN_POINT('',(0.1,0.035,0.0109));
#2240=CARTESIAN_POINT('',(0.1,0.0404259348243438,0.0109));
#2241=CARTESIAN_POINT('',(0.1,0.0404259348243438,0.025));
#2242=CARTESIAN_POINT('',(0.1,0.0404259348243438,0.00548));
#2243=CARTESIAN_POINT('',(0.1,0.0401259348243438,0.00548));
#2244=CARTESIAN_POINT('',(0.095,0.035,0.025));
#2245=CARTESIAN_POINT('',(0.095,0.0339719650175535,0.0208237746363874));
#2246=CARTESIAN_POINT('',(0.095,0.0404039043130806,0.0208237746363874));
#2247=CARTESIAN_POINT('',(0.095,0.0275400257220265,0.0208237746363874));
#2248=CARTESIAN_POINT('',(0.095,0.0275400257220265,0.0203854193284335));
#2249=CARTESIAN_POINT('',(0.095,0.0404039043130806,0.0203854193284335));
#2250=CARTESIAN_POINT('',(0.095,0.0282259348243438,0.00548));
#2251=CARTESIAN_POINT('',(0.095,0.0282259348243438,0.00518));
#2252=CARTESIAN_POINT('',(0.095,0.0279259348243438,0.00548));
#2253=CARTESIAN_POINT('',(0.095,0.0313959348243438,0.00518));
#2254=CARTESIAN_POINT('',(0.095,0.0401259348243438,0.00518));
#2255=CARTESIAN_POINT('',(0.095,0.0401259348243438,0.00548));
#2256=CARTESIAN_POINT('',(0.095,0.0404259348243438,0.00548));
#2257=CARTESIAN_POINT('',(0.095,0.0404259348243438,0.01032));
#2258=CARTESIAN_POINT('',(0.095,0.0404259348243438,0.0109));
#2259=CARTESIAN_POINT('',(0.095,0.0341759348243438,0.0109));
#2260=CARTESIAN_POINT('',(0.095,0.0279259348243438,0.0109));
#2261=CARTESIAN_POINT('',(0.095,0.0279259348243438,0.00561));
#2262=CARTESIAN_POINT('',(0.095,0.0401259348243438,0.0185));
#2263=CARTESIAN_POINT('',(0.095,0.0401259348243438,0.0188));
#2264=CARTESIAN_POINT('',(0.095,0.0404259348243438,0.0185));
#2265=CARTESIAN_POINT('',(0.095,0.0399259348243438,0.0188));
#2266=CARTESIAN_POINT('',(0.095,0.0397259348243438,0.0188));
#2267=CARTESIAN_POINT('',(0.095,0.0397259348243438,0.01945));
#2268=CARTESIAN_POINT('',(0.095,0.0397259348243438,0.0195));
#2269=CARTESIAN_POINT('',(0.095,0.0394259348243438,0.0195));
#2270=CARTESIAN_POINT('',(0.095,0.0394259348243438,0.0198));
#2271=CARTESIAN_POINT('',(0.095,0.0341759348243438,0.0198));
#2272=CARTESIAN_POINT('',(0.095,0.0289259348243438,0.0198));
#2273=CARTESIAN_POINT('',(0.095,0.0289259348243438,0.0195));
#2274=CARTESIAN_POINT('',(0.095,0.0286259348243438,0.0195));
#2275=CARTESIAN_POINT('',(0.095,0.0286259348243438,0.01945));
#2276=CARTESIAN_POINT('',(0.095,0.0286259348243438,0.0188));
#2277=CARTESIAN_POINT('',(0.095,0.0284259348243438,0.0188));
#2278=CARTESIAN_POINT('',(0.095,0.0282259348243438,0.0188));
#2279=CARTESIAN_POINT('',(0.095,0.0282259348243438,0.0185));
#2280=CARTESIAN_POINT('',(0.095,0.0279259348243438,0.0185));
#2281=CARTESIAN_POINT('',(0.095,0.0279259348243438,0.01366));
#2282=CARTESIAN_POINT('',(0.095,0.0279259348243438,0.01308));
#2283=CARTESIAN_POINT('',(0.095,0.0341759348243438,0.01308));
#2284=CARTESIAN_POINT('',(0.095,0.0404259348243438,0.01308));
#2285=CARTESIAN_POINT('',(0.095,0.0404259348243438,0.01837));
#2286=CARTESIAN_POINT('',(0.095,0.0451759348243438,0.0169));
#2287=CARTESIAN_POINT('',(0.095,0.0449759348243438,0.0169));
#2288=CARTESIAN_POINT('',(0.095,0.0451759348243438,0.0171));
#2289=CARTESIAN_POINT('',(0.095,0.0449759348243438,0.01035));
#2290=CARTESIAN_POINT('',(0.095,0.0449759348243438,0.0038));
#2291=CARTESIAN_POINT('',(0.095,0.0481109348243438,0.0038));
#2292=CARTESIAN_POINT('',(0.095,0.0502959348243438,0.0038));
#2293=CARTESIAN_POINT('',(0.095,0.0502959348243438,0.0037));
#2294=CARTESIAN_POINT('',(0.095,0.0502959348243438,0.0036));
#2295=CARTESIAN_POINT('',(0.095,0.0528259348243438,0.0036));
#2296=CARTESIAN_POINT('',(0.095,0.0553559348243438,0.0036));
#2297=CARTESIAN_POINT('',(0.095,0.0553559348243438,0.0037));
#2298=CARTESIAN_POINT('',(0.095,0.0553559348243438,0.0038));
#2299=CARTESIAN_POINT('',(0.095,0.0607759348243438,0.0038));
#2300=CARTESIAN_POINT('',(0.095,0.0608759348243438,0.0038));
#2301=CARTESIAN_POINT('',(0.095,0.0608759348243438,0.01035));
#2302=CARTESIAN_POINT('',(0.095,0.0608759348243438,0.0169));
#2303=CARTESIAN_POINT('',(0.095,0.0606759348243438,0.0169));
#2304=CARTESIAN_POINT('',(0.095,0.0606759348243438,0.0171));
#2305=CARTESIAN_POINT('',(0.095,0.0529259348243438,0.0171));
#2306=CARTESIAN_POINT('',(0.095,0.035,0.));
#2307=CARTESIAN_POINT('',(0.095,0.0162292077605318,0.0189212019008037));
#2308=CARTESIAN_POINT('',(0.095,0.00974890000627414,0.0189212019008037));
#2309=CARTESIAN_POINT('',(0.095,0.0227095155147896,0.0189212019008037));
#2310=CARTESIAN_POINT('',(0.095,0.00974890000627414,0.0159991657306876));
#2311=CARTESIAN_POINT('',(0.095,0.00974890000627414,0.0130771295605715));
#2312=CARTESIAN_POINT('',(0.095,0.0162292077605318,0.0130771295605715));
#2313=CARTESIAN_POINT('',(0.095,0.0227095155147896,0.0130771295605715));
#2314=CARTESIAN_POINT('',(0.095,0.0227095155147896,0.0159991657306876));
#2315=CARTESIAN_POINT('',(0.095,0.0162292077605318,0.0107217583810234));
#2316=CARTESIAN_POINT('',(0.095,0.00974890000627414,0.0107217583810234));
#2317=CARTESIAN_POINT('',(0.095,0.0227095155147896,0.0107217583810234));
#2318=CARTESIAN_POINT('',(0.095,0.00974890000627414,0.00779429311559629));
#2319=CARTESIAN_POINT('',(0.095,0.00974890000627414,0.00486682785016913));
#2320=CARTESIAN_POINT('',(0.095,0.0162292077605318,0.00486682785016913));
#2321=CARTESIAN_POINT('',(0.095,0.0227095155147896,0.00486682785016913));
#2322=CARTESIAN_POINT('',(0.095,0.0227095155147896,0.00779429311559629));
#2323=CARTESIAN_POINT('',(0.05,0.035,0.));
#2324=CARTESIAN_POINT('',(0.0119929062202573,0.00982815358787775,0.));
#2325=CARTESIAN_POINT('',(0.0119929062202573,0.0146563071757555,0.));
#2326=CARTESIAN_POINT('',(0.0640833899378777,0.00896260194480419,0.));
#2327=CARTESIAN_POINT('',(0.0640833899378777,0.0129252038896084,0.));
#2328=CARTESIAN_POINT('',(0.0661292374134064,0.0129252038896084,0.));
#2329=CARTESIAN_POINT('',(0.0681750848889351,0.0129252038896084,0.));
#2330=CARTESIAN_POINT('',(0.0681750848889351,0.00896260194480419,0.));
#2331=CARTESIAN_POINT('',(0.0681750848889351,0.0609161437302828,0.));
#2332=CARTESIAN_POINT('',(0.0681750848889351,0.0568322874605656,0.));
#2333=CARTESIAN_POINT('',(0.0660505518317223,0.0568322874605656,0.));
#2334=CARTESIAN_POINT('',(0.0639260187745094,0.0568322874605656,0.));
#2335=CARTESIAN_POINT('',(0.0639260187745094,0.0609161437302828,0.));
#2336=CARTESIAN_POINT('',(0.0119929062202573,0.0602866516262293,0.));
#2337=CARTESIAN_POINT('',(0.0119929062202573,0.0555733032524586,0.));
#2338=CARTESIAN_POINT('',(0.00849645311012864,0.0555733032524586,0.));
#2339=CARTESIAN_POINT('',(0.00849645311012864,0.0146563071757555,0.));
#2340=CARTESIAN_POINT('',(0.0639260187745094,0.0609161437302828,0.002));
#2341=CARTESIAN_POINT('',(0.0639260187745094,0.0568322874605656,0.002));
#2342=CARTESIAN_POINT('',(0.0639260187745094,0.0568322874605656,0.002));
#2343=CARTESIAN_POINT('',(0.0639260187745094,0.0609161437302828,0.002));
#2344=CARTESIAN_POINT('',(0.0660505518317223,0.0568322874605656,0.002));
#2345=CARTESIAN_POINT('',(0.0681750848889351,0.0568322874605656,0.002));
#2346=CARTESIAN_POINT('',(0.0681750848889351,0.0568322874605656,0.002));
#2347=CARTESIAN_POINT('',(0.0660505518317223,0.0568322874605656,0.002));
#2348=CARTESIAN_POINT('',(0.0681750848889351,0.0609161437302828,0.002));
#2349=CARTESIAN_POINT('',(0.0681750848889351,0.0609161437302828,0.002));
#2350=CARTESIAN_POINT('',(0.05,0.035,0.002));
#2351=CARTESIAN_POINT('',(0.0640833899378777,0.00896260194480419,0.002));
#2352=CARTESIAN_POINT('',(0.0640833899378777,0.00896260194480419,0.002));
#2353=CARTESIAN_POINT('',(0.0640833899378777,0.0129252038896084,0.002));
#2354=CARTESIAN_POINT('',(0.0640833899378777,0.0129252038896084,0.002));
#2355=CARTESIAN_POINT('',(0.0681750848889351,0.00896260194480419,0.002));
#2356=CARTESIAN_POINT('',(0.0681750848889351,0.0129252038896084,0.002));
#2357=CARTESIAN_POINT('',(0.0681750848889351,0.0129252038896084,0.002));
#2358=CARTESIAN_POINT('',(0.0681750848889351,0.00896260194480419,0.002));
#2359=CARTESIAN_POINT('',(0.0661292374134064,0.0129252038896084,0.002));
#2360=CARTESIAN_POINT('',(0.0661292374134064,0.0129252038896084,0.002));
#2361=CARTESIAN_POINT('',(0.05,0.035,0.002));
#2362=CARTESIAN_POINT('',(0.00849645311012864,0.0555733032524586,0.002));
#2363=CARTESIAN_POINT('',(0.0119929062202573,0.0555733032524586,0.002));
#2364=CARTESIAN_POINT('',(0.0119929062202573,0.0555733032524586,0.002));
#2365=CARTESIAN_POINT('',(0.00849645311012864,0.0555733032524586,0.002));
#2366=CARTESIAN_POINT('',(0.0119929062202573,0.0602866516262293,0.002));
#2367=CARTESIAN_POINT('',(0.0119929062202573,0.0602866516262293,0.002));
#2368=CARTESIAN_POINT('',(0.05,0.035,0.002));
#2369=CARTESIAN_POINT('',(0.0045,0.0631759348243438,0.002));
#2370=CARTESIAN_POINT('',(0.0045,0.0631759348243438,0.002));
#2371=CARTESIAN_POINT('',(0.0045,0.00982815358787775,0.002));
#2372=CARTESIAN_POINT('',(0.0045,0.00717593482434381,0.002));
#2373=CARTESIAN_POINT('',(0.0045,0.00717593482434381,0.002));
#2374=CARTESIAN_POINT('',(0.0065,0.0025,0.002));
#2375=CARTESIAN_POINT('',(0.0119929062202573,0.00982815358787775,0.002));
#2376=CARTESIAN_POINT('',(0.0119929062202573,0.0146563071757555,0.002));
#2377=CARTESIAN_POINT('',(0.00849645311012864,0.0146563071757555,0.002));
#2378=CARTESIAN_POINT('',(0.0065,0.0675,0.002));
#2379=CARTESIAN_POINT('',(0.0119929062202573,0.00982815358787775,0.002));
#2380=CARTESIAN_POINT('',(0.0119929062202573,0.0146563071757555,0.002));
#2381=CARTESIAN_POINT('',(0.00849645311012864,0.0146563071757555,0.002));
#2382=CARTESIAN_POINT('',(0.1204,0.0286259348243438,0.01945));
#2383=CARTESIAN_POINT('',(0.1204,0.0286259348243438,0.0188));
#2384=CARTESIAN_POINT('',(0.1204,0.0286259348243438,0.0195));
#2385=CARTESIAN_POINT('',(0.1204,0.0289259348243438,0.0195));
#2386=CARTESIAN_POINT('',(0.1204,0.0289259348243438,0.0198));
#2387=CARTESIAN_POINT('',(0.1204,0.0341759348243438,0.0198));
#2388=CARTESIAN_POINT('',(0.1204,0.0394259348243438,0.0198));
#2389=CARTESIAN_POINT('',(0.1204,0.0394259348243438,0.0195));
#2390=CARTESIAN_POINT('',(0.1204,0.0397259348243438,0.0195));
#2391=CARTESIAN_POINT('',(0.1204,0.0397259348243438,0.01945));
#2392=CARTESIAN_POINT('',(0.1204,0.0397259348243438,0.0188));
#2393=CARTESIAN_POINT('',(0.1204,0.0399259348243438,0.0188));
#2394=CARTESIAN_POINT('',(0.1204,0.0401259348243438,0.0188));
#2395=CARTESIAN_POINT('',(0.1204,0.0401259348243438,0.0185));
#2396=CARTESIAN_POINT('',(0.1204,0.0404259348243438,0.0185));
#2397=CARTESIAN_POINT('',(0.1204,0.0404259348243438,0.01837));
#2398=CARTESIAN_POINT('',(0.1204,0.0404259348243438,0.01308));
#2399=CARTESIAN_POINT('',(0.1204,0.0341759348243438,0.01308));
#2400=CARTESIAN_POINT('',(0.1204,0.0279259348243438,0.01308));
#2401=CARTESIAN_POINT('',(0.1204,0.0279259348243438,0.01366));
#2402=CARTESIAN_POINT('',(0.1204,0.0279259348243438,0.0185));
#2403=CARTESIAN_POINT('',(0.1204,0.0282259348243438,0.0185));
#2404=CARTESIAN_POINT('',(0.1204,0.0282259348243438,0.0188));
#2405=CARTESIAN_POINT('',(0.1204,0.0284259348243438,0.0188));
#2406=CARTESIAN_POINT('',(0.1204,0.0451759348243438,0.0169));
#2407=CARTESIAN_POINT('',(0.1204,0.0449759348243438,0.0169));
#2408=CARTESIAN_POINT('',(0.1204,0.0451759348243438,0.0171));
#2409=CARTESIAN_POINT('',(0.1204,0.0529259348243438,0.0171));
#2410=CARTESIAN_POINT('',(0.1204,0.0606759348243438,0.0171));
#2411=CARTESIAN_POINT('',(0.1204,0.0606759348243438,0.0169));
#2412=CARTESIAN_POINT('',(0.1204,0.0608759348243438,0.0169));
#2413=CARTESIAN_POINT('',(0.1204,0.0608759348243438,0.01035));
#2414=CARTESIAN_POINT('',(0.1204,0.0608759348243438,0.0038));
#2415=CARTESIAN_POINT('',(0.1204,0.0607759348243438,0.0038));
#2416=CARTESIAN_POINT('',(0.1204,0.0553559348243438,0.0038));
#2417=CARTESIAN_POINT('',(0.1204,0.0553559348243438,0.0037));
#2418=CARTESIAN_POINT('',(0.1204,0.0553559348243438,0.0036));
#2419=CARTESIAN_POINT('',(0.1204,0.0528259348243438,0.0036));
#2420=CARTESIAN_POINT('',(0.1204,0.0502959348243438,0.0036));
#2421=CARTESIAN_POINT('',(0.1204,0.0502959348243438,0.0037));
#2422=CARTESIAN_POINT('',(0.1204,0.0502959348243438,0.0038));
#2423=CARTESIAN_POINT('',(0.1204,0.0481109348243438,0.0038));
#2424=CARTESIAN_POINT('',(0.1204,0.0449759348243438,0.0038));
#2425=CARTESIAN_POINT('',(0.1204,0.0449759348243438,0.01035));
#2426=CARTESIAN_POINT('',(0.1204,0.00974890000627414,0.0159991657306876));
#2427=CARTESIAN_POINT('',(0.1204,0.00974890000627414,0.0130771295605715));
#2428=CARTESIAN_POINT('',(0.1204,0.00974890000627414,0.0189212019008037));
#2429=CARTESIAN_POINT('',(0.1204,0.0162292077605318,0.0189212019008037));
#2430=CARTESIAN_POINT('',(0.1204,0.0227095155147896,0.0189212019008037));
#2431=CARTESIAN_POINT('',(0.1204,0.0227095155147896,0.0159991657306876));
#2432=CARTESIAN_POINT('',(0.1204,0.0227095155147896,0.0130771295605715));
#2433=CARTESIAN_POINT('',(0.1204,0.0162292077605318,0.0130771295605715));
#2434=CARTESIAN_POINT('',(0.1204,0.00974890000627414,0.00779429311559629));
#2435=CARTESIAN_POINT('',(0.1204,0.00974890000627414,0.00486682785016913));
#2436=CARTESIAN_POINT('',(0.1204,0.00974890000627414,0.0107217583810234));
#2437=CARTESIAN_POINT('',(0.1204,0.0162292077605318,0.0107217583810234));
#2438=CARTESIAN_POINT('',(0.1204,0.0227095155147896,0.0107217583810234));
#2439=CARTESIAN_POINT('',(0.1204,0.0227095155147896,0.00779429311559629));
#2440=CARTESIAN_POINT('',(0.1204,0.0227095155147896,0.00486682785016913));
#2441=CARTESIAN_POINT('',(0.1204,0.0162292077605318,0.00486682785016913));
#2442=CARTESIAN_POINT('',(0.1204,0.0313959348243438,0.00518));
#2443=CARTESIAN_POINT('',(0.1204,0.0401259348243438,0.00518));
#2444=CARTESIAN_POINT('',(0.1204,0.0282259348243438,0.00518));
#2445=CARTESIAN_POINT('',(0.1204,0.0282259348243438,0.00548));
#2446=CARTESIAN_POINT('',(0.1204,0.0279259348243438,0.00548));
#2447=CARTESIAN_POINT('',(0.1204,0.0279259348243438,0.00561));
#2448=CARTESIAN_POINT('',(0.1204,0.0279259348243438,0.0109));
#2449=CARTESIAN_POINT('',(0.1204,0.0341759348243438,0.0109));
#2450=CARTESIAN_POINT('',(0.1204,0.0404259348243438,0.0109));
#2451=CARTESIAN_POINT('',(0.1204,0.0404259348243438,0.01032));
#2452=CARTESIAN_POINT('',(0.1204,0.0404259348243438,0.00548));
#2453=CARTESIAN_POINT('',(0.1204,0.0401259348243438,0.00548));
#2454=CARTESIAN_POINT('',(0.0923076,0.0339719650175535,0.0208237746363874));
#2455=CARTESIAN_POINT('',(0.0923076,0.0404039043130806,0.0208237746363874));
#2456=CARTESIAN_POINT('',(0.0923076,0.0404039043130806,0.0208237746363874));
#2457=CARTESIAN_POINT('',(0.0923076,0.0339719650175535,0.0208237746363874));
#2458=CARTESIAN_POINT('',(0.0923076,0.0275400257220265,0.0208237746363874));
#2459=CARTESIAN_POINT('',(0.0923076,0.0275400257220265,0.0208237746363874));
#2460=CARTESIAN_POINT('',(0.0923076,0.0404039043130806,0.0203854193284335));
#2461=CARTESIAN_POINT('',(0.0936538,0.0404039043130806,0.0189470640204796));
#2462=CARTESIAN_POINT('',(0.0936538,0.0404039043130806,0.0189470640204796));
#2463=CARTESIAN_POINT('',(0.0923076,0.0404039043130806,0.0189470640204796));
#2464=CARTESIAN_POINT('',(0.0923076,0.0404039043130806,0.0189470640204796));
#2465=CARTESIAN_POINT('',(0.0923076,0.0404039043130806,0.0203854193284335));
#2466=CARTESIAN_POINT('',(0.0923076,0.0275400257220265,0.0203854193284335));
#2467=CARTESIAN_POINT('',(0.0923076,0.0275400257220265,0.0203854193284335));
#2468=CARTESIAN_POINT('',(0.0923076,0.0275400257220265,0.0189470640204796));
#2469=CARTESIAN_POINT('',(0.0923076,0.0275400257220265,0.0189470640204796));
#2470=CARTESIAN_POINT('',(0.0936538,0.0275400257220265,0.0189470640204796));
#2471=CARTESIAN_POINT('',(0.0936538,0.0275400257220265,0.0189470640204796));
#2472=CARTESIAN_POINT('',(0.0923076,0.035,0.0125));
#2473=CARTESIAN_POINT('',(0.0923076,0.0339719650175535,0.0189470640204796));
#2474=CARTESIAN_POINT('',(0.0936538,0.0339719650175535,0.0189470640204796));
#2475=CARTESIAN_POINT('',(0.0936538,0.0339719650175535,0.0189470640204796));
#2476=CARTESIAN_POINT('',(0.0936538,0.0339719650175535,0.0189470640204796));
#2477=CARTESIAN_POINT('',(0.0045,0.00717593482434381,0.0041));
#2478=CARTESIAN_POINT('',(0.0045,0.00717593482434381,0.0041));
#2479=CARTESIAN_POINT('',(0.0045,0.00717593482434381,0.0036));
#2480=CARTESIAN_POINT('',(0.0047,0.00717593482434381,0.004));
#2481=CARTESIAN_POINT('',(0.0045,0.0631759348243438,0.0041));
#2482=CARTESIAN_POINT('',(0.0045,0.0631759348243438,0.0036));
#2483=CARTESIAN_POINT('',(0.0045,0.0631759348243438,0.0036));
#2484=CARTESIAN_POINT('',(0.0045,0.0631759348243438,0.0041));
#2485=CARTESIAN_POINT('',(0.0045,0.035,0.0125));
#2486=CARTESIAN_POINT('',(0.0045,0.035,0.0036));
#2487=CARTESIAN_POINT('',(0.0045,0.035,0.0036));
#2488=CARTESIAN_POINT('',(0.0065,0.0675,0.001998));
#2489=CARTESIAN_POINT('',(0.0065,0.0025,0.001998));
#2490=CARTESIAN_POINT('',(0.05,0.035,0.01));
#2491=CARTESIAN_POINT('',(0.001,0.07,0.01));
#2492=CARTESIAN_POINT('',(0.001,0.035,0.01));
#2493=MECHANICAL_DESIGN_GEOMETRIC_PRESENTATION_REPRESENTATION('',(#1562),
#2494);
#2494=(
GEOMETRIC_REPRESENTATION_CONTEXT(3)
GLOBAL_UNCERTAINTY_ASSIGNED_CONTEXT((#2495))
GLOBAL_UNIT_ASSIGNED_CONTEXT((#2498,#2497,#2496))
REPRESENTATION_CONTEXT('Part 1','TOP_LEVEL_ASSEMBLY_PART')
);
#2495=UNCERTAINTY_MEASURE_WITH_UNIT(LENGTH_MEASURE(1.E-8),#2498,
'DISTANCE_ACCURACY_VALUE','Maximum Tolerance applied to model');
#2496=(
NAMED_UNIT(*)
SI_UNIT($,.STERADIAN.)
SOLID_ANGLE_UNIT()
);
#2497=(
NAMED_UNIT(*)
PLANE_ANGLE_UNIT()
SI_UNIT($,.RADIAN.)
);
#2498=(
LENGTH_UNIT()
NAMED_UNIT(*)
SI_UNIT($,.METRE.)
);
#2499=PRODUCT_DEFINITION_SHAPE('','',#2500);
#2500=PRODUCT_DEFINITION('','',#2502,#2501);
#2501=PRODUCT_DEFINITION_CONTEXT('',#2508,'design');
#2502=PRODUCT_DEFINITION_FORMATION_WITH_SPECIFIED_SOURCE('','',#2504,
 .NOT_KNOWN.);
#2503=PRODUCT_RELATED_PRODUCT_CATEGORY('','',(#2504));
#2504=PRODUCT('Part 1','Part 1','Part 1',(#2506));
#2505=PRODUCT_CATEGORY('','');
#2506=PRODUCT_CONTEXT('',#2508,'mechanical');
#2507=APPLICATION_PROTOCOL_DEFINITION('international standard',
'ap242_managed_model_based_3d_engineering',2020,#2508);
#2508=APPLICATION_CONTEXT('managed model based 3d engineering');
ENDSEC;
END-ISO-10303-21;
